{
  "train_loss": [
    1.1419919729232788,
    5.591509819030762,
    4.050785064697266,
    2.1790294647216797,
    1.3708535432815552,
    2.4389777183532715,
    2.297786235809326,
    1.5210710763931274,
    1.031997561454773,
    1.2355340719223022,
    1.3174734115600586,
    1.1896231174468994,
    1.0845078229904175,
    1.018261194229126,
    1.1005147695541382,
    1.0701665878295898,
    1.0008735656738281,
    1.0013020038604736,
    1.032025694847107,
    1.0080208778381348,
    0.9991894960403442,
    0.9949023127555847,
    0.9899653792381287,
    0.9889911413192749,
    0.9910913705825806,
    0.9906195402145386,
    0.9810858368873596,
    0.9799723029136658
  ],
  "train_acc": [
    0.8852941393852234,
    0.11176470667123795,
    0.11176470667123795,
    0.5352941155433655,
    0.7764706015586853,
    0.8882352709770203,
    0.8882352709770203,
    0.8882352709770203,
    0.7382352948188782,
    0.550000011920929,
    0.5764706134796143,
    0.6382352709770203,
    0.6705882549285889,
    0.841176450252533,
    0.8676470518112183,
    0.8558823466300964,
    0.8147059082984924,
    0.6705882549285889,
    0.6470588445663452,
    0.6470588445663452,
    0.6558823585510254,
    0.7058823704719543,
    0.7588235139846802,
    0.7735294103622437,
    0.8176470398902893,
    0.8088235259056091,
    0.820588231086731,
    0.8294117450714111
  ],
  "val_loss": [
    1.4238377809524536,
    1.4293261766433716,
    1.335423231124878,
    1.3128710985183716,
    1.392787218093872,
    1.4014760255813599,
    1.3147128820419312,
    1.2555681467056274,
    1.2995887994766235,
    1.3141802549362183,
    1.3070777654647827,
    1.3125128746032715,
    1.3044074773788452,
    1.2965610027313232,
    1.2779101133346558,
    1.2601763010025024,
    1.2851910591125488,
    1.3159807920455933,
    1.3082237243652344,
    1.2990272045135498,
    1.288856029510498,
    1.279083251953125,
    1.2749539613723755,
    1.2763727903366089,
    1.2870949506759644,
    1.3011738061904907,
    1.3172307014465332,
    1.330868124961853
  ],
  "val_acc": [
    0.11666666716337204,
    0.11666666716337204,
    0.46666666865348816,
    0.699999988079071,
    0.8833333253860474,
    0.8833333253860474,
    0.8833333253860474,
    0.6666666865348816,
    0.4333333373069763,
    0.4833333194255829,
    0.5833333134651184,
    0.6666666865348816,
    0.8833333253860474,
    0.8833333253860474,
    0.8833333253860474,
    0.8500000238418579,
    0.7833333611488342,
    0.75,
    0.800000011920929,
    0.8166666626930237,
    0.8333333134651184,
    0.8333333134651184,
    0.8666666746139526,
    0.8666666746139526,
    0.8500000238418579,
    0.8333333134651184,
    0.8500000238418579,
    0.8166666626930237
  ],
  "val_f1": [
    0.20895522832870483,
    0.20895522832870483,
    0.2380952388048172,
    0.1818181872367859,
    0.0,
    0.0,
    0.0,
    0.09090908616781235,
    0.22727271914482117,
    0.24390244483947754,
    0.24242426455020905,
    0.1666666716337204,
    0.222222238779068,
    0.0,
    0.0,
    0.1818181872367859,
    0.23529411852359772,
    0.21052633225917816,
    0.25,
    0.2666666805744171,
    0.2857142984867096,
    0.2857142984867096,
    0.3333333432674408,
    0.20000000298023224,
    0.1818181872367859,
    0.1666666716337204,
    0.3076923191547394,
    0.2666666805744171
  ],
  "lr": [
    0.01,
    0.01,
    0.01,
    0.01,
    0.01,
    0.01,
    0.01,
    0.01,
    0.01,
    0.01,
    0.01,
    0.01,
    0.01,
    0.01,
    0.01,
    0.01,
    0.01,
    0.01,
    0.005,
    0.005,
    0.005,
    0.005,
    0.005,
    0.005,
    0.005,
    0.005,
    0.005,
    0.005
  ]
}