{
  "run_id": "run_20251019_165600",
  "config": {
    "data_path": "data/processed/homo_graph.pt",
    "raw_csv": "data/raw/originaldata.csv",
    "job_column": null,
    "encoding": "gbk",
    "skiprows": 1,
    "hidden_dim": 64,
    "num_layers": 2,
    "dropout": 0.5,
    "edge_dropout": 0.0,
    "feature_dropout": 0.0,
    "job_embed_dim": 32,
    "mlp_hidden_dim": 128,
    "lr": 0.01,
    "weight_decay": 0.0005,
    "epochs": 200,
    "patience": 20,
    "device": "cpu",
    "seed": 42,
    "save_dir": "outputs/models",
    "eval_dir": "outputs/evaluation",
    "use_focal_loss": false,
    "focal_alpha": 0.25,
    "focal_gamma": 2.0
  },
  "best_epoch": 8,
  "val_metrics": {
    "aupr": 0.5353365588659706,
    "auroc": 0.7951482479784366,
    "accuracy": 0.85,
    "precision": 0.4166666666666667,
    "recall": 0.7142857142857143,
    "f1": 0.5263157894736842,
    "tn": 46,
    "fp": 7,
    "fn": 2,
    "tp": 5,
    "loss": 1.854602336883545
  },
  "test_metrics": {
    "aupr": 0.23128059285380137,
    "auroc": 0.7242083758937692,
    "accuracy": 0.8,
    "precision": 0.2631578947368421,
    "recall": 0.45454545454545453,
    "f1": 0.3333333333333333,
    "tn": 75,
    "fp": 14,
    "fn": 6,
    "tp": 5,
    "loss": 2.1814911365509033
  },
  "pos_weight": 7.947368421052632,
  "num_jobs": 153,
  "job_mapping": {
    "\u4e0a\u6d77\u5e02\uff0c\u5e02\u8f96\u533a": 0,
    "\u4e91\u5357\u7701\uff0c\u5927\u7406\u767d\u65cf\u81ea\u6cbb\u5dde": 1,
    "\u4e91\u5357\u7701\uff0c\u6606\u660e\u5e02": 2,
    "\u4e91\u5357\u7701\uff0c\u66f2\u9756\u5e02": 3,
    "\u5185\u8499\u53e4\u81ea\u6cbb\u533a\uff0c\u4e4c\u6d77\u5e02": 4,
    "\u5185\u8499\u53e4\u81ea\u6cbb\u533a\uff0c\u5174\u5b89\u76df": 5,
    "\u5185\u8499\u53e4\u81ea\u6cbb\u533a\uff0c\u5305\u5934\u5e02": 6,
    "\u5185\u8499\u53e4\u81ea\u6cbb\u533a\uff0c\u547c\u548c\u6d69\u7279\u5e02": 7,
    "\u5185\u8499\u53e4\u81ea\u6cbb\u533a\uff0c\u8d64\u5cf0\u5e02": 8,
    "\u5185\u8499\u53e4\u81ea\u6cbb\u533a\uff0c\u9102\u5c14\u591a\u65af\u5e02": 9,
    "\u5317\u4eac\u5e02\uff0c\u5e02\u8f96\u533a": 10,
    "\u5409\u6797\u7701\uff0c\u5409\u6797\u5e02": 11,
    "\u5409\u6797\u7701\uff0c\u56db\u5e73\u5e02": 12,
    "\u5409\u6797\u7701\uff0c\u767d\u5c71\u5e02": 13,
    "\u5409\u6797\u7701\uff0c\u8fbd\u6e90\u5e02": 14,
    "\u56db\u5ddd\u7701\uff0c\u5fb7\u9633\u5e02": 15,
    "\u56db\u5ddd\u7701\uff0c\u6210\u90fd\u5e02": 16,
    "\u56db\u5ddd\u7701\uff0c\u6500\u679d\u82b1\u5e02": 17,
    "\u56db\u5ddd\u7701\uff0c\u6cf8\u5dde\u5e02": 18,
    "\u56db\u5ddd\u7701\uff0c\u7ef5\u9633\u5e02": 19,
    "\u56db\u5ddd\u7701\uff0c\u96c5\u5b89\u5e02": 20,
    "\u5929\u6d25\u5e02\uff0c\u5e02\u8f96\u533a": 21,
    "\u5b89\u5fbd\u7701\uff0c\u5408\u80a5\u5e02": 22,
    "\u5b89\u5fbd\u7701\uff0c\u6dee\u5317\u5e02": 23,
    "\u5b89\u5fbd\u7701\uff0c\u6dee\u5357\u5e02": 24,
    "\u5b89\u5fbd\u7701\uff0c\u829c\u6e56\u5e02": 25,
    "\u5b89\u5fbd\u7701\uff0c\u9a6c\u978d\u5c71\u5e02": 26,
    "\u5c71\u4e1c\u7701\uff0c\u4e1c\u8425\u5e02": 27,
    "\u5c71\u4e1c\u7701\uff0c\u4e34\u6c82\u5e02": 28,
    "\u5c71\u4e1c\u7701\uff0c\u65e5\u7167\u5e02": 29,
    "\u5c71\u4e1c\u7701\uff0c\u67a3\u5e84\u5e02": 30,
    "\u5c71\u4e1c\u7701\uff0c\u6d4e\u5357\u5e02": 31,
    "\u5c71\u4e1c\u7701\uff0c\u6d4e\u5b81\u5e02": 32,
    "\u5c71\u4e1c\u7701\uff0c\u6dc4\u535a\u5e02": 33,
    "\u5c71\u4e1c\u7701\uff0c\u6f4d\u574a\u5e02": 34,
    "\u5c71\u4e1c\u7701\uff0c\u70df\u53f0\u5e02": 35,
    "\u5c71\u4e1c\u7701\uff0c\u804a\u57ce\u5e02": 36,
    "\u5c71\u4e1c\u7701\uff0c\u9752\u5c9b\u5e02": 37,
    "\u5c71\u897f\u7701\uff0c\u5415\u6881\u5e02": 38,
    "\u5c71\u897f\u7701\uff0c\u592a\u539f\u5e02": 39,
    "\u5c71\u897f\u7701\uff0c\u664b\u57ce\u5e02": 40,
    "\u5c71\u897f\u7701\uff0c\u6714\u5dde\u5e02": 41,
    "\u5c71\u897f\u7701\uff0c\u957f\u6cbb\u5e02": 42,
    "\u5e7f\u4e1c\u7701\uff0c\u4e1c\u839e\u5e02": 43,
    "\u5e7f\u4e1c\u7701\uff0c\u4f5b\u5c71\u5e02": 44,
    "\u5e7f\u4e1c\u7701\uff0c\u5e7f\u5dde\u5e02": 45,
    "\u5e7f\u4e1c\u7701\uff0c\u60e0\u5dde\u5e02": 46,
    "\u5e7f\u4e1c\u7701\uff0c\u6885\u5dde\u5e02": 47,
    "\u5e7f\u4e1c\u7701\uff0c\u6c55\u5934\u5e02": 48,
    "\u5e7f\u4e1c\u7701\uff0c\u6df1\u5733\u5e02": 49,
    "\u5e7f\u4e1c\u7701\uff0c\u6f6e\u5dde\u5e02": 50,
    "\u5e7f\u4e1c\u7701\uff0c\u73e0\u6d77\u5e02": 51,
    "\u5e7f\u4e1c\u7701\uff0c\u97f6\u5173\u5e02": 52,
    "\u5e7f\u897f\u58ee\u65cf\u81ea\u6cbb\u533a\uff0c\u5317\u6d77\u5e02": 53,
    "\u5e7f\u897f\u58ee\u65cf\u81ea\u6cbb\u533a\uff0c\u5357\u5b81\u5e02": 54,
    "\u5e7f\u897f\u58ee\u65cf\u81ea\u6cbb\u533a\uff0c\u67f3\u5dde\u5e02": 55,
    "\u5e7f\u897f\u58ee\u65cf\u81ea\u6cbb\u533a\uff0c\u6842\u6797\u5e02": 56,
    "\u5e7f\u897f\u58ee\u65cf\u81ea\u6cbb\u533a\uff0c\u68a7\u5dde\u5e02": 57,
    "\u5e7f\u897f\u58ee\u65cf\u81ea\u6cbb\u533a\uff0c\u9632\u57ce\u6e2f\u5e02": 58,
    "\u65b0\u7586\u7ef4\u543e\u5c14\u81ea\u6cbb\u533a\uff0c\u548c\u7530\u5730\u533a": 59,
    "\u65b0\u7586\u7ef4\u543e\u5c14\u81ea\u6cbb\u533a\uff0c\u5df4\u97f3\u90ed\u695e\u8499\u53e4\u81ea\u6cbb\u5dde": 60,
    "\u65b0\u7586\u7ef4\u543e\u5c14\u81ea\u6cbb\u533a\uff0c\u81ea\u6cbb\u533a\u76f4\u8f96\u53bf\u7ea7\u884c\u653f\u533a\u5212": 61,
    "\u6c5f\u82cf\u7701\uff0c\u5357\u4eac\u5e02": 62,
    "\u6c5f\u82cf\u7701\uff0c\u5357\u901a\u5e02": 63,
    "\u6c5f\u82cf\u7701\uff0c\u5e38\u5dde\u5e02": 64,
    "\u6c5f\u82cf\u7701\uff0c\u5f90\u5dde\u5e02": 65,
    "\u6c5f\u82cf\u7701\uff0c\u626c\u5dde\u5e02": 66,
    "\u6c5f\u82cf\u7701\uff0c\u65e0\u9521\u5e02": 67,
    "\u6c5f\u82cf\u7701\uff0c\u6cf0\u5dde\u5e02": 68,
    "\u6c5f\u82cf\u7701\uff0c\u6dee\u5b89\u5e02": 69,
    "\u6c5f\u82cf\u7701\uff0c\u82cf\u5dde\u5e02": 70,
    "\u6c5f\u82cf\u7701\uff0c\u9547\u6c5f\u5e02": 71,
    "\u6c5f\u897f\u7701\uff0c\u4e0a\u9976\u5e02": 72,
    "\u6c5f\u897f\u7701\uff0c\u4e5d\u6c5f\u5e02": 73,
    "\u6c5f\u897f\u7701\uff0c\u5357\u660c\u5e02": 74,
    "\u6c5f\u897f\u7701\uff0c\u5409\u5b89\u5e02": 75,
    "\u6c5f\u897f\u7701\uff0c\u65b0\u4f59\u5e02": 76,
    "\u6c5f\u897f\u7701\uff0c\u666f\u5fb7\u9547\u5e02": 77,
    "\u6c5f\u897f\u7701\uff0c\u840d\u4e61\u5e02": 78,
    "\u6c5f\u897f\u7701\uff0c\u9e70\u6f6d\u5e02": 79,
    "\u6cb3\u5317\u7701\uff0c\u5510\u5c71\u5e02": 80,
    "\u6cb3\u5317\u7701\uff0c\u5eca\u574a\u5e02": 81,
    "\u6cb3\u5317\u7701\uff0c\u627f\u5fb7\u5e02": 82,
    "\u6cb3\u5317\u7701\uff0c\u6ca7\u5dde\u5e02": 83,
    "\u6cb3\u5317\u7701\uff0c\u77f3\u5bb6\u5e84\u5e02": 84,
    "\u6cb3\u5317\u7701\uff0c\u79e6\u7687\u5c9b\u5e02": 85,
    "\u6cb3\u5317\u7701\uff0c\u8861\u6c34\u5e02": 86,
    "\u6cb3\u5317\u7701\uff0c\u90a2\u53f0\u5e02": 87,
    "\u6cb3\u5317\u7701\uff0c\u90af\u90f8\u5e02": 88,
    "\u6cb3\u5357\u7701\uff0c\u5468\u53e3\u5e02": 89,
    "\u6cb3\u5357\u7701\uff0c\u5b89\u9633\u5e02": 90,
    "\u6cb3\u5357\u7701\uff0c\u5e73\u9876\u5c71\u5e02": 91,
    "\u6cb3\u5357\u7701\uff0c\u5f00\u5c01\u5e02": 92,
    "\u6cb3\u5357\u7701\uff0c\u6d1b\u9633\u5e02": 93,
    "\u6cb3\u5357\u7701\uff0c\u90d1\u5dde\u5e02": 94,
    "\u6cb3\u5357\u7701\uff0c\u9a7b\u9a6c\u5e97\u5e02": 95,
    "\u6cb3\u5357\u7701\uff0c\u9e64\u58c1\u5e02": 96,
    "\u6d59\u6c5f\u7701\uff0c\u4e3d\u6c34\u5e02": 97,
    "\u6d59\u6c5f\u7701\uff0c\u5609\u5174\u5e02": 98,
    "\u6d59\u6c5f\u7701\uff0c\u5b81\u6ce2\u5e02": 99,
    "\u6d59\u6c5f\u7701\uff0c\u676d\u5dde\u5e02": 100,
    "\u6d59\u6c5f\u7701\uff0c\u6e29\u5dde\u5e02": 101,
    "\u6d59\u6c5f\u7701\uff0c\u6e56\u5dde\u5e02": 102,
    "\u6d59\u6c5f\u7701\uff0c\u7ecd\u5174\u5e02": 103,
    "\u6d77\u5357\u7701\uff0c\u4e09\u4e9a\u5e02": 104,
    "\u6d77\u5357\u7701\uff0c\u510b\u5dde\u5e02": 105,
    "\u6d77\u5357\u7701\uff0c\u6d77\u53e3\u5e02": 106,
    "\u6d77\u5357\u7701\uff0c\u7701\u76f4\u8f96\u53bf\u7ea7\u884c\u653f\u533a\u5212": 107,
    "\u6e56\u5317\u7701\uff0c\u5341\u5830\u5e02": 108,
    "\u6e56\u5317\u7701\uff0c\u5b9c\u660c\u5e02": 109,
    "\u6e56\u5317\u7701\uff0c\u6b66\u6c49\u5e02": 110,
    "\u6e56\u5317\u7701\uff0c\u8346\u5dde\u5e02": 111,