{
  "config": {
    "data_path": "data/processed/homo_graph_with_preferences.pt",
    "architecture": "default",
    "position_embed_dim": 32,
    "dropout": 0.5,
    "preference_loss": "pairwise",
    "alpha": 0.7,
    "beta": 0.3,
    "lr": 0.01,
    "weight_decay": 0.0005,
    "epochs": 200,
    "patience": 20,
    "device": "cpu",
    "seed": 42,
    "save_dir": "outputs/multitask_gcn"
  },
  "model_params": 18305,
  "best_epoch": 7,
  "best_val_aupr": 0.31223880675100185,
  "best_threshold": 0.5200000000000001,
  "test_turnover_metrics": {
    "aupr": 0.37614646938498786,
    "auroc": 0.7660878447395302,
    "f1": 0.3888888888888889,
    "precision": 0.28,
    "recall": 0.6363636363636364,
    "threshold": 0.5200000000000001
  },
  "test_preference_metrics": {
    "ndcg@3": 0.6416482173589617,
    "ndcg@5": 0.7185917494364915,
    "pairwise_accuracy": 0.49476190476190474
  },
  "training_history": {
    "train_total_loss": [
      1.1709636449813843,
      1.1714694499969482,
      1.1564115285873413,
      1.1454888582229614,
      1.127472996711731,
      1.1169017553329468,
      1.0816590785980225,
      1.0816799402236938,
      1.0668195486068726,
      1.0204046964645386,
      1.0586073398590088,
      1.0519379377365112,
      1.0302242040634155,
      1.0670334100723267,
      1.015223741531372,
      1.0024712085723877,
      1.0083750486373901,
      1.0171215534210205,
      1.0326714515686035,
      1.0156866312026978,
      0.9856739044189453,
      1.0396250486373901,
      1.0001033544540405,
      1.0255422592163086,
      1.0442816019058228,
      0.9981634616851807,
      1.0029089450836182
    ],
    "train_turnover_loss": [
      1.2417882680892944,
      1.2419477701187134,
      1.2229845523834229,
      1.2079540491104126,
      1.1863563060760498,
      1.1736040115356445,
      1.120951771736145,
      1.1138943433761597,
      1.0940243005752563,
      1.0325186252593994,
      1.060827612876892,
      1.052236795425415,
      1.0430786609649658,
      1.0861611366271973,
      1.013089895248413,
      1.006384015083313,
      1.0168546438217163,
      1.022646427154541,
      1.0461537837982178,
      1.0283732414245605,
      0.9879687428474426,
      1.063807725906372,
      1.005280613899231,
      1.042140007019043,
      1.0691159963607788,
      1.004947543144226,
      1.0108871459960938
    ],
    "train_preference_loss": [
      1.0057061910629272,
      1.007020115852356,
      1.0010744333267212,
      0.9997367262840271,
      0.9900785684585571,
      0.9845964908599854,
      0.9899759888648987,
      1.0065131187438965,
      1.003341794013977,
      0.9921388030052185,
      1.0534266233444214,
      1.0512405633926392,
      1.0002305507659912,
      1.022402048110962,
      1.020202875137329,
      0.9933413863182068,
      0.9885892868041992,
      1.0042303800582886,
      1.0012125968933105,
      0.9860846400260925,
      0.9803193807601929,
      0.9831987023353577,
      0.9880229830741882,
      0.9868142604827881,
      0.9863347411155701,
      0.9823338389396667,
      0.9842930436134338
    ],
    "val_aupr": [
      0.3115730526444812,
      0.2866620543108954,
      0.29856681621565734,
      0.2866620543108954,
      0.29022951522951523,
      0.28842928294147807,
      0.31223880675100185,
      0.31223880675100185,
      0.3001140751140751,
      0.29956036525803964,
      0.29578507078507077,
      0.296365790877986,
      0.296365790877986,
      0.29578507078507077,
      0.2703521703521703,
      0.2763045513045513,
      0.2695018302161159,
      0.28302996874425446,
      0.28302996874425446,
      0.2889823496966354,
      0.2695018302161159,
      0.2706923064065921,
      0.2706923064065921,
      0.2889823496966354,
      0.28361068883716967,
      0.28361068883716967,
      0.28361068883716967
    ],
    "val_auroc": [
      0.752021563342318,
      0.7331536388140162,
      0.7358490566037735,
      0.7331536388140162,
      0.7331536388140162,
      0.7277628032345014,
      0.7304582210242587,
      0.7304582210242587,
      0.7223719676549865,
      0.7196765498652291,
      0.7196765498652291,
      0.7223719676549865,
      0.7223719676549865,
      0.7196765498652291,
      0.7169811320754718,
      0.7196765498652291,
      0.7169811320754718,
      0.7142857142857142,
      0.7142857142857142,
      0.7169811320754718,
      0.7169811320754718,
      0.7196765498652291,
      0.7196765498652291,
      0.7169811320754718,
      0.7169811320754716,
      0.7169811320754716,
      0.7169811320754716
    ],
    "val_ndcg3": [
      0.6343485915127308,
      0.6490299709342235,
      0.6540919802650191,
      0.6601097370953987,
      0.6728201108379098,
      0.6650836726139957,
      0.6557047296575969,
      0.6694886800517974,
      0.6345723526657928,
      0.6522542775118574,
      0.6537777608847146,
      0.6383810610979365,
      0.6213561381448661,
      0.6207741207054003,
      0.6196826858649527,
      0.6111856981621318,
      0.6371563233316692,
      0.6470875283876271,
      0.6555107238444416,
      0.6578852149234482,
      0.6592146924831502,
      0.667861649093027,
      0.6626794261950824,
      0.6748958563103262,
      0.6664726608535113,
      0.676732366855966,
      0.6781963395490098
    ],
    "val_ndcg5": [
      0.735494071530677,
      0.7388142196312859,
      0.7308751316380386,
      0.7271669199922722,
      0.7538105432843577,
      0.7472356127377153,
      0.7340290054409653,
      0.7452646245654743,
      0.7345719862499743,
      0.7280784951816188,
      0.7363133628725049,
      0.720892683701951,
      0.7204242680042657,
      0.7123539405471996,
      0.7147375880537417,
      0.7075003516319052,
      0.7242431584477235,
      0.7298301345529726,
      0.7370067375288691,
      0.7338860145444269,
      0.7402838650692094,
      0.7399618848351075,
      0.7378860717606663,
      0.7506328336017057,
      0.7520561323169822,
      0.7552042371864995,
      0.7595972600944434
    ],
    "lr": [
      0.01,
      0.01,
      0.01,
      0.01,
      0.01,
      0.01,
      0.01,
      0.01,
      0.01,
      0.01,
      0.01,
      0.01,
      0.01,
      0.01,
      0.01,
      0.01,
      0.01,
      0.005,
      0.005,
      0.005,
      0.005,
      0.005,
      0.005,
      0.005,
      0.005,
      0.005,
      0.005
    ]
  }
}