{
  "config": {
    "data_path": "data/processed/homo_graph_with_preferences.pt",
    "architecture": "default",
    "position_embed_dim": 32,
    "dropout": 0.5,
    "preference_loss": "pairwise",
    "alpha": 1.0,
    "beta": 0.0,
    "lr": 0.01,
    "weight_decay": 0.0005,
    "epochs": 200,
    "patience": 20,
    "device": "cpu",
    "seed": 42,
    "save_dir": "outputs/multitask_gcn"
  },
  "model_params": 18305,
  "best_epoch": 7,
  "best_val_aupr": 0.30323848693413913,
  "best_threshold": 0.54,
  "test_turnover_metrics": {
    "aupr": 0.36073599150357294,
    "auroc": 0.7681307456588355,
    "f1": 0.3888888888888889,
    "precision": 0.28,
    "recall": 0.6363636363636364,
    "threshold": 0.54
  },
  "test_preference_metrics": {
    "ndcg@3": 0.655205311845357,
    "ndcg@5": 0.744285882573894,
    "pairwise_accuracy": 0.518095238095238
  },
  "training_history": {
    "train_total_loss": [
      1.2417882680892944,
      1.2389402389526367,
      1.2159966230392456,
      1.1934500932693481,
      1.1526215076446533,
      1.141660451889038,
      1.071251392364502,
      1.096433401107788,
      1.103829264640808,
      1.0068321228027344,
      1.04345703125,
      1.0508123636245728,
      1.0346521139144897,
      1.1009682416915894,
      1.0268263816833496,
      1.0304889678955078,
      1.0230505466461182,
      1.0444469451904297,
      1.0808870792388916,
      1.013979196548462,
      0.9895523190498352,
      1.0690547227859497,
      1.00637686252594,
      1.0565751791000366,
      1.0761640071868896,
      1.0092772245407104,
      0.9916410446166992
    ],
    "train_turnover_loss": [
      1.2417882680892944,
      1.2389402389526367,
      1.2159966230392456,
      1.1934500932693481,
      1.1526215076446533,
      1.141660451889038,
      1.071251392364502,
      1.096433401107788,
      1.103829264640808,
      1.0068321228027344,
      1.04345703125,
      1.0508123636245728,
      1.0346521139144897,
      1.1009682416915894,
      1.0268263816833496,
      1.0304889678955078,
      1.0230505466461182,
      1.0444469451904297,
      1.0808870792388916,
      1.013979196548462,
      0.9895523190498352,
      1.0690547227859497,
      1.00637686252594,
      1.0565751791000366,
      1.0761640071868896,
      1.0092772245407104,
      0.9916410446166992
    ],
    "train_preference_loss": [
      1.0057061910629272,
      1.01480233669281,
      1.0224225521087646,
      1.044952154159546,
      1.1047862768173218,
      1.2242776155471802,
      1.361617088317871,
      1.4603729248046875,
      1.5355108976364136,
      1.481872320175171,
      1.4156900644302368,
      1.420365810394287,
      1.3179160356521606,
      1.2010070085525513,
      1.0887596607208252,
      1.033910870552063,
      1.0160434246063232,
      1.0091331005096436,
      1.0045444965362549,
      1.0029025077819824,
      1.0019919872283936,
      1.0007413625717163,
      0.9997177124023438,
      0.9988442659378052,
      0.9975900650024414,
      0.9963060617446899,
      0.9958287477493286
    ],
    "val_aupr": [
      0.2869686456642978,
      0.28608133421798015,
      0.2903330348982523,
      0.29387145981222634,
      0.2909137549911675,
      0.28842928294147807,
      0.30323848693413913,
      0.30190751976466257,
      0.276640062354348,
      0.2917099792099792,
      0.3006947952069903,
      0.28903903903903905,
      0.2768852713974665,
      0.29413245983013425,
      0.2714573659695611,
      0.2763045513045513,
      0.2832705527827479,
      0.28903903903903905,
      0.2832705527827479,
      0.2768852713974665,
      0.2768852713974665,
      0.2768852713974665,
      0.3006947952069903,
      0.3006947952069903,
      0.2774950274950275,
      0.2774950274950275,
      0.2820800765922717
    ],
    "val_auroc": [
      0.7250673854447439,
      0.7304582210242587,
      0.7304582210242587,
      0.738544474393531,
      0.7331536388140162,
      0.7277628032345014,
      0.7142857142857143,
      0.706199460916442,
      0.6792452830188679,
      0.7008086253369272,
      0.7250673854447439,
      0.7277628032345014,
      0.7223719676549866,
      0.7142857142857142,
      0.7169811320754718,
      0.7196765498652291,
      0.7277628032345014,
      0.7277628032345014,
      0.7277628032345014,
      0.7223719676549866,
      0.7223719676549866,
      0.7223719676549866,
      0.7250673854447439,
      0.7250673854447439,
      0.725067385444744,
      0.725067385444744,
      0.7250673854447439
    ],
    "val_ndcg3": [
      0.6411435638032535,
      0.6515675202789566,
      0.6415910861093777,
      0.6387535989505326,
      0.6407400784032286,
      0.6462210469077634,
      0.6542717045119819,
      0.6482825108139874,
      0.6487455068938259,
      0.6486110117604843,
      0.6540324695852053,
      0.650851007706149,
      0.6514187435794223,
      0.6537634793185221,
      0.6565414557975535,
      0.649596514599975,
      0.6489395127069811,
      0.6414125540699368,
      0.6402925560971044,
      0.6429955481226077,
      0.6647551716674986,
      0.667159418086412,
      0.6367837854790729,
      0.6296150831284323,
      0.6139041639613498,
      0.6187578859127976,
      0.622715371044475
    ],
    "val_ndcg5": [
      0.7416568048203785,
      0.7348352604753826,
      0.7396319420871493,
      0.7386322521047964,
      0.7423408686020723,
      0.7495080785249159,
      0.755852086414237,
      0.7509308992710721,
      0.7487832318643919,
      0.7470246988524047,
      0.7524654032663716,
      0.7515366675120189,
      0.7537789101801359,
      0.7558332527275142,
      0.7575815713924284,
      0.7475868075753609,
      0.7471824828735115,
      0.7349555333516318,
      0.7280538013223333,
      0.728386905068518,
      0.7306147920850279,
      0.7323644426345342,
      0.7210771526171739,
      0.723433100562197,
      0.722292007021807,
      0.7230978869172587,
      0.7234975583321519
    ],
    "lr": [
      0.01,
      0.01,
      0.01,
      0.01,
      0.01,
      0.01,
      0.01,
      0.01,
      0.01,
      0.01,
      0.01,
      0.01,
      0.01,
      0.01,
      0.01,
      0.01,
      0.01,
      0.005,
      0.005,
      0.005,
      0.005,
      0.005,
      0.005,
      0.005,
      0.005,
      0.005,
      0.005
    ]
  }
}