{
  "train_loss": [
    0.04355202242732048,
    0.26457372307777405,
    0.04404710605740547,
    0.328631728887558,
    0.13000504672527313,
    0.06007864326238632,
    0.0830361619591713,
    0.11593834310770035,
    0.11073038727045059,
    0.07535426318645477,
    0.04866715520620346,
    0.03339751064777374,
    0.049902625381946564,
    0.05512603372335434,
    0.048654425889253616,
    0.03443003445863724,
    0.02886808104813099,
    0.030239060521125793,
    0.03460438549518585,
    0.0388701967895031,
    0.03714904934167862,
    0.03855586051940918
  ],
  "train_acc": [
    0.44411763548851013,
    0.5352941155433655,
    0.21176470816135406,
    0.8882352709770203,
    0.8235294222831726,
    0.12647059559822083,
    0.5441176295280457,
    0.5882353186607361,
    0.6235294342041016,
    0.6264705657958984,
    0.6382352709770203,
    0.34117648005485535,
    0.6323529481887817,
    0.8882352709770203,
    0.8911764621734619,
    0.8735294342041016,
    0.8352941274642944,
    0.7647058963775635,
    0.6676470637321472,
    0.6617646813392639,
    0.6382352709770203,
    0.6382352709770203
  ],
  "val_loss": [
    0.03855224698781967,
    0.035721637308597565,
    0.04705790802836418,
    0.04188477620482445,
    0.04117744415998459,
    0.04433457925915718,
    0.056447599083185196,
    0.05726074054837227,
    0.048227015882730484,
    0.04475196823477745,
    0.04499901831150055,
    0.043522126972675323,
    0.0411757156252861,
    0.03914249688386917,
    0.03696651756763458,
    0.03675202652812004,
    0.038742050528526306,
    0.04180469736456871,
    0.04426595941185951,
    0.04459430277347565,
    0.04351983591914177,
    0.04133590683341026
  ],
  "val_acc": [
    0.46666666865348816,
    0.11666666716337204,
    0.8833333253860474,
    0.550000011920929,
    0.13333334028720856,
    0.550000011920929,
    0.5666666626930237,
    0.5666666626930237,
    0.4833333194255829,
    0.11666666716337204,
    0.13333334028720856,
    0.5,
    0.550000011920929,
    0.5666666626930237,
    0.7666666507720947,
    0.5333333611488342,
    0.25,
    0.1666666716337204,
    0.1666666716337204,
    0.3499999940395355,
    0.5,
    0.5666666626930237
  ],
  "val_f1": [
    0.2380952388048172,
    0.20895522832870483,
    0.0,
    0.12903226912021637,
    0.21212120354175568,
    0.27027028799057007,
    0.2352941334247589,
    0.2352941334247589,
    0.24390244483947754,
    0.20895522832870483,
    0.21212120354175568,
    0.11764706671237946,
    0.12903226912021637,
    0.13333334028720856,
    0.2222222238779068,
    0.2222222238779068,
    0.21052631735801697,
    0.21875,
    0.21875,
    0.2352941334247589,
    0.2500000298023224,
    0.2352941334247589
  ],
  "lr": [
    0.01,
    0.01,
    0.01,
    0.01,
    0.01,
    0.01,
    0.01,
    0.01,
    0.01,
    0.01,
    0.01,
    0.01,
    0.005,
    0.005,
    0.005,
    0.005,
    0.005,
    0.005,
    0.005,
    0.005,
    0.005,
    0.005
  ]
}