{
  "f1": {
    "threshold": 0.8400000000000002,
    "precision": 0.6666666666666666,
    "recall": 0.5454545454545454,
    "f1": 0.6,
    "accuracy": 0.92
  },
  "balanced": {
    "threshold": 0.9000000000000002,
    "precision": 1.0,
    "recall": 0.36363636363636365,
    "f1": 0.5333333333333333,
    "accuracy": 0.93
  },
  "default": {
    "threshold": 0.5,
    "precision": 0.2962962962962963,
    "recall": 0.7272727272727273,
    "f1": 0.42105263157894735,
    "accuracy": 0.78
  }
}