{
  "config": {
    "data_path": "data/processed/homo_graph_with_preferences.pt",
    "architecture": "default",
    "position_embed_dim": 32,
    "dropout": 0.5,
    "preference_loss": "pairwise",
    "alpha": 0.3,
    "beta": 0.7,
    "lr": 0.01,
    "weight_decay": 0.0005,
    "epochs": 200,
    "patience": 20,
    "device": "cpu",
    "seed": 42,
    "save_dir": "outputs/multitask_gcn"
  },
  "model_params": 18305,
  "best_epoch": 4,
  "best_val_aupr": 0.404839208410637,
  "best_threshold": 0.1,
  "test_turnover_metrics": {
    "aupr": 0.22653534834937897,
    "auroc": 0.5357507660878447,
    "f1": 0.19819819819819817,
    "precision": 0.11,
    "recall": 1.0,
    "threshold": 0.1
  },
  "test_preference_metrics": {
    "ndcg@3": 0.6625001788311283,
    "ndcg@5": 0.7363982614143189,
    "pairwise_accuracy": 0.5109523809523809
  },
  "training_history": {
    "train_total_loss": [
      1.0765308141708374,
      1.091373324394226,
      1.06796395778656,
      1.0681517124176025,
      1.0659680366516113,
      1.0611627101898193,
      1.054896354675293,
      1.0538372993469238,
      1.048658013343811,
      1.0439646244049072,
      1.0459933280944824,
      1.0505610704421997,
      1.0442683696746826,
      1.0481116771697998,
      1.0430140495300293,
      1.0357367992401123,
      1.0374914407730103,
      1.032976746559143,
      1.031259536743164,
      1.0271666049957275,
      1.020108938217163,
      1.0270769596099854,
      1.0209109783172607,
      1.0216504335403442
    ],
    "train_turnover_loss": [
      1.2417882680892944,
      1.24868643283844,
      1.2426422834396362,
      1.2417597770690918,
      1.2371057271957397,
      1.2338078022003174,
      1.2259610891342163,
      1.2304867506027222,
      1.2179946899414062,
      1.209281086921692,
      1.215437889099121,
      1.2078211307525635,
      1.2002723217010498,
      1.2120188474655151,
      1.1917734146118164,
      1.1768957376480103,
      1.183836579322815,
      1.168031096458435,
      1.1677850484848022,
      1.1586341857910156,
      1.1381057500839233,
      1.1589524745941162,
      1.1363893747329712,
      1.141775131225586
    ],
    "train_preference_loss": [
      1.0057061910629272,
      1.0239534378051758,
      0.9931018352508545,
      0.9937482476234436,
      0.9926232695579529,
      0.9871720671653748,
      0.9815828204154968,
      0.9781304597854614,
      0.9760851860046387,
      0.9731146693229675,
      0.9733741879463196,
      0.9831638932228088,
      0.9774096012115479,
      0.9778656959533691,
      0.9792600870132446,
      0.9752401113510132,
      0.9747720956802368,
      0.9750962853431702,
      0.9727484583854675,
      0.9708232283592224,
      0.9695389270782471,
      0.9705588221549988,
      0.9714203476905823,
      0.9701684713363647
    ],
    "val_aupr": [
      0.38834033613445373,
      0.21201084207267815,
      0.15740284619594963,
      0.404839208410637,
      0.2290006478781989,
      0.2654779083350512,
      0.2637032854424159,
      0.25884353741496596,
      0.2548403976975405,
      0.23854541816726688,
      0.24041353383458644,
      0.23236031254607104,
      0.241852195423624,
      0.24287260358688928,
      0.24400042313576148,
      0.25463912306017567,
      0.25685594270207857,
      0.25685594270207857,
      0.25296827928406873,
      0.24466179879713712,
      0.24342205413633985,
      0.23832001332001332,
      0.23889838231943494,
      0.23889838231943494
    ],
    "val_auroc": [
      0.8059299191374663,
      0.5471698113207548,
      0.49595687331536387,
      0.6226415094339622,
      0.628032345013477,
      0.6630727762803235,
      0.6522911051212938,
      0.6495956873315365,
      0.6495956873315364,
      0.6361185983827493,
      0.6495956873315364,
      0.6442048517520216,
      0.6226415094339622,
      0.628032345013477,
      0.6334231805929919,
      0.6469002695417789,
      0.6522911051212938,
      0.6522911051212938,
      0.6442048517520216,
      0.6388140161725067,
      0.6307277628032344,
      0.628032345013477,
      0.6307277628032344,
      0.6307277628032344
    ],
    "val_ndcg3": [
      0.6324966071933764,
      0.6617534340354052,
      0.6567949722905225,
      0.6781213550954818,
      0.6743578757769595,
      0.6675176743728157,
      0.6764038659094691,
      0.6826156285530038,
      0.6770751493686553,
      0.676030135849351,
      0.6679806704526544,
      0.6709371789711268,
      0.6739091612633135,
      0.6784796113818855,
      0.6739841457168414,
      0.678792638554668,
      0.6757909009225745,
      0.6757909009225745,
      0.6760598911892578,
      0.6767918775357796,
      0.6665024161934183,
      0.6609167078954487,
      0.6597514808089949,
      0.6608274418757281
    ],
    "val_ndcg5": [
      0.736771476477336,
      0.7597877673429783,
      0.7569175943718309,
      0.7433966154521054,
      0.7379646332079434,
      0.732027980675236,
      0.7470338010326489,
      0.7524618731695804,
      0.75575693220463,
      0.7524075461764664,
      0.7514587229650932,
      0.7473722828067271,
      0.7546228394357865,
      0.7428856656395787,
      0.7448726723859925,
      0.7471756825598062,
      0.7499990824838914,
      0.751519378454655,
      0.7506718362279067,
      0.747368209038657,
      0.7509372574800638,
      0.7471980993798741,
      0.7470677710573786,
      0.7420155827321564
    ],
    "lr": [
      0.01,
      0.01,
      0.01,
      0.01,
      0.01,
      0.01,
      0.01,
      0.01,
      0.01,
      0.01,
      0.01,
      0.01,
      0.01,
      0.01,
      0.005,
      0.005,
      0.005,
      0.005,
      0.005,
      0.005,
      0.005,
      0.005,
      0.005,
      0.005
    ]
  }
}