{
  "train_loss": [
    0.42527490854263306,
    0.3005480170249939,
    0.269085556268692,
    0.2594013214111328,
    0.2660551071166992,
    0.25901496410369873,
    0.25410330295562744,
    0.25122973322868347,
    0.24626797437667847,
    0.24459853768348694,
    0.2429758906364441,
    0.24088680744171143,
    0.23718133568763733,
    0.23117581009864807,
    0.22623920440673828,
    0.22485041618347168,
    0.21941378712654114,
    0.21676993370056152,
    0.21023018658161163,
    0.20222434401512146,
    0.20317652821540833,
    0.19305211305618286,
    0.19360217452049255,
    0.1928565949201584,
    0.19244734942913055,
    0.19298598170280457,
    0.18975135684013367,
    0.19243738055229187,
    0.19093313813209534,
    0.1881176084280014,
    0.18943370878696442,
    0.1906965970993042,
    0.18869878351688385,
    0.18591108918190002,
    0.1867278516292572,
    0.18584221601486206,
    0.18579626083374023,
    0.18513305485248566,
    0.18491604924201965,
    0.18401917815208435,
    0.18356698751449585,
    0.18401874601840973,
    0.18363815546035767,
    0.1842399537563324,
    0.18461927771568298,
    0.184297576546669,
    0.18161918222904205,
    0.18200556933879852,
    0.1843300312757492,
    0.18357256054878235,
    0.18150795996189117,
    0.18248094618320465,
    0.18221323192119598,
    0.18134579062461853,
    0.183964341878891,
    0.18113550543785095,
    0.18191714584827423
  ],
  "val_loss": [
    0.2867377698421478,
    0.271389365196228,
    0.27772849798202515,
    0.3190271854400635,
    0.28822681307792664,
    0.2763825058937073,
    0.26916375756263733,
    0.26251718401908875,
    0.26535382866859436,
    0.25949686765670776,
    0.2500183582305908,
    0.246017724275589,
    0.23966635763645172,
    0.232821986079216,
    0.22662127017974854,
    0.21974019706249237,
    0.21167084574699402,
    0.201827272772789,
    0.19031310081481934,
    0.1878734529018402,
    0.19077615439891815,
    0.19393984973430634,
    0.19797152280807495,
    0.20310457050800323,
    0.2034986913204193,
    0.19969917833805084,
    0.19892942905426025,
    0.1969405859708786,
    0.19376522302627563,
    0.19070647656917572,
    0.18814560770988464,
    0.18618492782115936,
    0.18510636687278748,
    0.18469122052192688,
    0.1846231073141098,
    0.18433105945587158,
    0.18414708971977234,
    0.18454135954380035,
    0.18581432104110718,
    0.18783476948738098,
    0.1893862783908844,
    0.19035044312477112,
    0.19008532166481018,
    0.19013521075248718,
    0.19037126004695892,
    0.1902315616607666,
    0.18991762399673462,
    0.1895952969789505,
    0.18944115936756134,
    0.1895197629928589,
    0.189609557390213,
    0.18959203362464905,
    0.18950675427913666,
    0.18934667110443115,
    0.18902552127838135,
    0.18885299563407898,
    0.1886460930109024
  ],
  "train_pref_acc": [
    0.5298319458961487,
    0.4701680541038513,
    0.5100840330123901,
    0.5025210380554199,
    0.49369746446609497,
    0.4756302535533905,
    0.482773095369339,
    0.4739495813846588,
    0.4756302535533905,
    0.46680670976638794,
    0.4789915978908539,
    0.48949578404426575,
    0.4907563030719757,
    0.46554622054100037,
    0.4798319339752197,
    0.4432772994041443,
    0.4571428596973419,
    0.4344537854194641,
    0.444957971572876,
    0.40336135029792786,
    0.41974788904190063,
    0.40882351994514465,
    0.4289915859699249,
    0.4642857015132904,
    0.38991597294807434,
    0.4159663915634155,
    0.42016807198524475,
    0.4155462086200714,
    0.43109244108200073,
    0.4281512498855591,
    0.44999998807907104,
    0.4600840210914612,
    0.44117647409439087,
    0.44285714626312256,
    0.4306722581386566,
    0.44621849060058594,
    0.4962184727191925,
    0.4361344575881958,
    0.4373949468135834,
    0.44873949885368347,
    0.4117647111415863,
    0.44243696331977844,
    0.4382352828979492,
    0.45042017102241516,
    0.3945378065109253,
    0.4546218514442444,
    0.45756301283836365,
    0.4285714328289032,
    0.440336138010025,
    0.4756302535533905,
    0.4432772994041443,
    0.4096638560295105,
    0.4302521049976349,
    0.4079831838607788,
    0.45588234066963196,
    0.4436974823474884,
    0.48739495873451233
  ],
  "val_pref_acc": [
    0.488095223903656,
    0.5047619342803955,
    0.4928571283817291,
    0.5023809671401978,
    0.47380951046943665,
    0.44999998807907104,
    0.43095237016677856,
    0.4166666567325592,
    0.42619046568870544,
    0.3857142925262451,
    0.369047611951828,
    0.39047619700431824,
    0.3857142925262451,
    0.37857142090797424,
    0.380952388048172,
    0.3738095164299011,
    0.3642857074737549,
    0.3523809611797333,
    0.34285715222358704,
    0.3285714387893677,
    0.34761905670166016,
    0.3523809611797333,
    0.35476189851760864,
    0.35952380299568176,
    0.3619047701358795,
    0.36666667461395264,
    0.3761904835700989,
    0.38333332538604736,
    0.38333332538604736,
    0.3928571343421936,
    0.39523810148239136,
    0.3976190388202667,
    0.3976190388202667,
    0.4000000059604645,
    0.4000000059604645,
    0.40714284777641296,
    0.4047619104385376,
    0.4000000059604645,
    0.4000000059604645,
    0.3928571343421936,
    0.3928571343421936,
    0.3880952298641205,
    0.4000000059604645,
    0.4000000059604645,
    0.4047619104385376,
    0.40238094329833984,
    0.3928571343421936,
    0.3880952298641205,
    0.3880952298641205,
    0.3880952298641205,
    0.3857142925262451,
    0.3880952298641205,
    0.3880952298641205,
    0.3857142925262451,
    0.3857142925262451,
    0.3857142925262451,
    0.3857142925262451
  ],
  "lr": [
    0.001,
    0.001,
    0.001,
    0.001,
    0.001,
    0.001,
    0.001,
    0.001,
    0.001,
    0.001,
    0.001,
    0.001,
    0.001,
    0.001,
    0.001,
    0.001,
    0.001,
    0.001,
    0.001,
    0.001,
    0.001,
    0.001,
    0.001,
    0.001,
    0.001,
    0.001,
    0.0005,
    0.0005,
    0.0005,
    0.0005,
    0.0005,
    0.0005,
    0.0005,
    0.0005,
    0.0005,
    0.0005,
    0.0005,
    0.0005,
    0.0005,
    0.0005,
    0.0005,
    0.0005,
    0.0005,
    0.00025,
    0.00025,
    0.00025,
    0.00025,
    0.00025,
    0.00025,
    0.000125,
    0.000125,
    0.000125,
    0.000125,
    0.000125,
    0.000125,
    6.25e-05,
    6.25e-05
  ]
}