{
  "train_loss": [
    0.7321454286575317,
    0.5613627433776855,
    0.51515793800354,
    0.5017235279083252,
    0.5081405639648438,
    0.49894171953201294,
    0.4961512088775635,
    0.49623218178749084,
    0.4864831566810608,
    0.47481971979141235,
    0.4792971611022949,
    0.47332993149757385,
    0.46052879095077515,
    0.45385071635246277,
    0.44411540031433105,
    0.4435788691043854,
    0.4281505346298218,
    0.4196636974811554,
    0.4048928916454315,
    0.3972010314464569,
    0.3896404206752777,
    0.3781142830848694,
    0.3741784989833832,
    0.37516066431999207,
    0.37626776099205017,
    0.3713083565235138,
    0.3647525906562805,
    0.3709527850151062,
    0.36720529198646545,
    0.3705671429634094,
    0.3654782474040985,
    0.3705219030380249,
    0.3663916289806366,
    0.3632914125919342,
    0.36369022727012634,
    0.36627763509750366,
    0.3642141819000244,
    0.3641655445098877,
    0.3633284866809845,
    0.3625524640083313,
    0.36331281065940857,
    0.3637535870075226,
    0.3614192306995392,
    0.36269062757492065,
    0.3639126718044281,
    0.36255770921707153,
    0.36076948046684265,
    0.36221104860305786,
    0.35971543192863464,
    0.3600718677043915,
    0.3586299419403076,
    0.3608179986476898,
    0.3596913814544678
  ],
  "val_loss": [
    0.5491859316825867,
    0.5303153395652771,
    0.5508259534835815,
    0.6247289180755615,
    0.5777937769889832,
    0.5346601605415344,
    0.5192280411720276,
    0.5066126585006714,
    0.5096932649612427,
    0.5167672634124756,
    0.5014975666999817,
    0.4860279858112335,
    0.47259098291397095,
    0.45782309770584106,
    0.44608375430107117,
    0.42854049801826477,
    0.4080403447151184,
    0.3873480260372162,
    0.36763978004455566,
    0.3579641580581665,
    0.36790767312049866,
    0.37970760464668274,
    0.39347049593925476,
    0.38601937890052795,
    0.3751164972782135,
    0.3667295575141907,
    0.363176167011261,
    0.35938820242881775,
    0.35873502492904663,
    0.3631311357021332,
    0.3623409867286682,
    0.3580763638019562,
    0.35719171166419983,
    0.358610063791275,
    0.3603235185146332,
    0.3615760803222656,
    0.3612934648990631,
    0.3610701560974121,
    0.35959941148757935,
    0.35962924361228943,
    0.3595183789730072,
    0.35910889506340027,
    0.3585893511772156,
    0.3584999144077301,
    0.35886165499687195,
    0.35891327261924744,
    0.3591242730617523,
    0.3591454327106476,
    0.3590811789035797,
    0.359134703874588,
    0.35933518409729004,
    0.35933202505111694,
    0.35931891202926636
  ],
  "train_pref_acc": [
    0.5298319458961487,
    0.4701680541038513,
    0.5260504484176636,
    0.5121848583221436,
    0.5096638798713684,
    0.5092437267303467,
    0.482773095369339,
    0.4882352948188782,
    0.48235294222831726,
    0.4752100706100464,
    0.48193275928497314,
    0.4962184727191925,
    0.489075630903244,
    0.48571428656578064,
    0.4777310788631439,
    0.47857141494750977,
    0.5176470875740051,
    0.50126051902771,
    0.5214285850524902,
    0.5126050710678101,
    0.4722689092159271,
    0.5050420165061951,
    0.5386554598808289,
    0.5436974763870239,
    0.49327731132507324,
    0.5100840330123901,
    0.4600840210914612,
    0.5067226886749268,
    0.4436974823474884,
    0.4415966272354126,
    0.4588235318660736,
    0.48781511187553406,
    0.5184873938560486,
    0.49705880880355835,
    0.5197479128837585,
    0.5046218633651733,
    0.5289915800094604,
    0.521848738193512,
    0.529411792755127,
    0.48403361439704895,
    0.5096638798713684,
    0.5084033608436584,
    0.49327731132507324,
    0.5096638798713684,
    0.5226891040802002,
    0.4962184727191925,
    0.5126050710678101,
    0.4995798170566559,
    0.4701680541038513,
    0.5256302356719971,
    0.49369746446609497,
    0.5176470875740051,
    0.49369746446609497
  ],
  "val_pref_acc": [
    0.49047619104385376,
    0.5023809671401978,
    0.47857141494750977,
    0.47380951046943665,
    0.4690476059913635,
    0.4952380955219269,
    0.5285714268684387,
    0.523809552192688,
    0.5309523940086365,
    0.5547618865966797,
    0.5428571701049805,
    0.538095235824585,
    0.523809552192688,
    0.5071428418159485,
    0.5309523940086365,
    0.5452380776405334,
    0.5595238208770752,
    0.5476190447807312,
    0.5547618865966797,
    0.5547618865966797,
    0.5333333611488342,
    0.4952380955219269,
    0.4761904776096344,
    0.45476189255714417,
    0.4452380836009979,
    0.44285714626312256,
    0.4404761791229248,
    0.43809524178504944,
    0.43809524178504944,
    0.4357142746448517,
    0.4476190507411957,
    0.45476189255714417,
    0.4476190507411957,
    0.4523809552192688,
    0.4571428596973419,
    0.46190476417541504,
    0.46666666865348816,
    0.46666666865348816,
    0.46666666865348816,
    0.46666666865348816,
    0.46666666865348816,
    0.46666666865348816,
    0.4690476059913635,
    0.4690476059913635,
    0.4690476059913635,
    0.46666666865348816,
    0.46666666865348816,
    0.4690476059913635,
    0.4690476059913635,
    0.46666666865348816,
    0.46666666865348816,
    0.46666666865348816,
    0.46666666865348816
  ],
  "lr": [
    0.001,
    0.001,
    0.001,
    0.001,
    0.001,
    0.001,
    0.001,
    0.001,
    0.001,
    0.001,
    0.001,
    0.001,
    0.001,
    0.001,
    0.001,
    0.001,
    0.001,
    0.001,
    0.001,
    0.001,
    0.001,
    0.001,
    0.001,
    0.001,
    0.001,
    0.001,
    0.0005,
    0.0005,
    0.0005,
    0.0005,
    0.0005,
    0.0005,
    0.00025,
    0.00025,
    0.00025,
    0.00025,
    0.00025,
    0.00025,
    0.00025,
    0.000125,
    0.000125,
    0.000125,
    0.000125,
    0.000125,
    0.000125,
    6.25e-05,
    6.25e-05,
    6.25e-05,
    6.25e-05,
    6.25e-05,
    6.25e-05,
    3.125e-05,
    3.125e-05
  ]
}