{
  "train_loss": [
    0.7321454286575317,
    0.5613627433776855,
    0.51515793800354,
    0.5017235279083252,
    0.508140504360199,
    0.49894165992736816,
    0.4961512088775635,
    0.49623194336891174,
    0.4864821135997772,
    0.4748300611972809,
    0.47926533222198486,
    0.47337281703948975,
    0.4606173634529114,
    0.4538528323173523,
    0.44408532977104187,
    0.44356921315193176,
    0.4279893636703491,
    0.4200623631477356,
    0.4052249789237976,
    0.39699721336364746,
    0.39015451073646545,
    0.37858253717422485,
    0.3739577531814575,
    0.3747730255126953,
    0.3763418197631836,
    0.3713405132293701,
    0.3653945326805115,
    0.37130463123321533,
    0.3672671914100647,
    0.3714447021484375,
    0.36468303203582764,
    0.36962878704071045,
    0.36542168259620667,
    0.36371541023254395,
    0.3634893000125885,
    0.36575305461883545,
    0.36479780077934265,
    0.3642268776893616,
    0.3635958135128021,
    0.3628747761249542
  ],
  "val_loss": [
    0.5491859316825867,
    0.5303153991699219,
    0.5508259534835815,
    0.6247288584709167,
    0.5777936577796936,
    0.5346601009368896,
    0.5192285776138306,
    0.5066133141517639,
    0.5096803307533264,
    0.5166653990745544,
    0.5013743042945862,
    0.48587748408317566,
    0.47240397334098816,
    0.4577578008174896,
    0.4469517469406128,
    0.4290742874145508,
    0.4082145690917969,
    0.38770559430122375,
    0.36784815788269043,
    0.35744696855545044,
    0.36784082651138306,
    0.3773776888847351,
    0.3920355439186096,
    0.3899126350879669,
    0.37629014253616333,
    0.36990591883659363,
    0.3655454218387604,
    0.36119991540908813,
    0.35902705788612366,
    0.36065125465393066,
    0.3605091869831085,
    0.3584482669830322,
    0.3580056130886078,
    0.3577788174152374,
    0.35859620571136475,
    0.3594914674758911,
    0.3599124848842621,
    0.36067888140678406,
    0.360311895608902,
    0.3605404198169708
  ],
  "train_pref_acc": [
    0.5298319458961487,
    0.4701680541038513,
    0.5260504484176636,
    0.5121848583221436,
    0.5096638798713684,
    0.5092437267303467,
    0.482773095369339,
    0.4882352948188782,
    0.48235294222831726,
    0.47436973452568054,
    0.4815126061439514,
    0.4945378005504608,
    0.4920167922973633,
    0.48739495873451233,
    0.47815126180648804,
    0.47605040669441223,
    0.5142857432365417,
    0.5016806721687317,
    0.5210084319114685,
    0.5163865685462952,
    0.46890756487846375,
    0.5071428418159485,
    0.5453781485557556,
    0.5462185144424438,
    0.4928571283817291,
    0.5050420165061951,
    0.460924357175827,
    0.5021008253097534,
    0.44411763548851013,
    0.44411763548851013,
    0.4638655483722687,
    0.4924369752407074,
    0.5100840330123901,
    0.4962184727191925,
    0.5172268748283386,
    0.5037814974784851,
    0.520588219165802,
    0.521848738193512,
    0.5243697762489319,
    0.4852941036224365
  ],
  "val_pref_acc": [
    0.49047619104385376,
    0.5023809671401978,
    0.47857141494750977,
    0.47380951046943665,
    0.4690476059913635,
    0.4952380955219269,
    0.5285714268684387,
    0.523809552192688,
    0.5285714268684387,
    0.5523809790611267,
    0.5428571701049805,
    0.5404762029647827,
    0.5285714268684387,
    0.511904776096344,
    0.538095235824585,
    0.538095235824585,
    0.5404762029647827,
    0.5523809790611267,
    0.5523809790611267,
    0.561904788017273,
    0.5285714268684387,
    0.49047619104385376,
    0.4642857015132904,
    0.45476189255714417,
    0.43809524178504944,
    0.4357142746448517,
    0.43809524178504944,
    0.43809524178504944,
    0.4357142746448517,
    0.4404761791229248,
    0.4476190507411957,
    0.4452380836009979,
    0.4452380836009979,
    0.4523809552192688,
    0.4523809552192688,
    0.45476189255714417,
    0.46190476417541504,
    0.4642857015132904,
    0.4642857015132904,
    0.4642857015132904
  ],
  "lr": [
    0.001,
    0.001,
    0.001,
    0.001,
    0.001,
    0.001,
    0.001,
    0.001,
    0.001,
    0.001,
    0.001,
    0.001,
    0.001,
    0.001,
    0.001,
    0.001,
    0.001,
    0.001,
    0.001,
    0.001,
    0.001,
    0.001,
    0.001,
    0.001,
    0.001,
    0.001,
    0.0005,
    0.0005,
    0.0005,
    0.0005,
    0.0005,
    0.0005,
    0.00025,
    0.00025,
    0.00025,
    0.00025,
    0.00025,
    0.00025,
    0.000125,
    0.000125
  ]
}