{
  "train": {
    "accuracy": 0.861764705882353,
    "precision": 0.37142857142857144,
    "recall": 0.34210526315789475,
    "f1": 0.35616438356164387,
    "roc_auc": 0.8704252352736145,
    "pr_auc": 0.4433362651580028
  },
  "val": {
    "accuracy": 0.8666666666666667,
    "precision": 0.3333333333333333,
    "recall": 0.14285714285714285,
    "f1": 0.2,
    "roc_auc": 0.7951482479784366,
    "pr_auc": 0.3170693918593078
  },
  "test": {
    "accuracy": 0.82,
    "precision": 0.23076923076923078,
    "recall": 0.2727272727272727,
    "f1": 0.24999999999999994,
    "roc_auc": 0.7875383043922369,
    "pr_auc": 0.3102961127385257
  }
}