{
  "f1": 0.4,
  "recall": 0.7272727272727273,
  "precision": 0.27586206896551724,
  "tp": 8,
  "fp": 21,
  "fn": 3,
  "threshold": 0.25
}