{
  "train": {
    "accuracy": 0.6617647058823529,
    "precision": 0.21052631578947367,
    "recall": 0.7368421052631579,
    "f1": 0.32748538011695905,
    "roc_auc": 0.7765772046009062,
    "pr_auc": 0.37744807595472163
  },
  "val": {
    "accuracy": 0.5666666666666667,
    "precision": 0.14814814814814814,
    "recall": 0.5714285714285714,
    "f1": 0.23529411764705882,
    "roc_auc": 0.5795148247978437,
    "pr_auc": 0.1631845045710592
  },
  "test": {
    "accuracy": 0.66,
    "precision": 0.20512820512820512,
    "recall": 0.7272727272727273,
    "f1": 0.32,
    "roc_auc": 0.7640449438202247,
    "pr_auc": 0.37893187535579953
  }
}