{
  "train_loss": [
    1.143261194229126,
    2.6063804626464844,
    2.339374542236328,
    1.317925214767456,
    1.6030551195144653,
    1.4247827529907227,
    1.1996821165084839,
    1.2054579257965088,
    1.1825834512710571,
    1.1351122856140137,
    1.0224910974502563,
    1.0268726348876953,
    1.0012359619140625,
    0.9599595665931702,
    0.9826582670211792,
    0.977570652961731,
    0.9368931651115417,
    1.005781888961792,
    0.940322995185852,
    1.0351687669754028,
    0.9847356677055359,
    0.9353987574577332,
    0.9464859962463379,
    0.9128419160842896,
    0.9213683009147644,
    0.9440829753875732,
    0.936294436454773,
    0.896790623664856,
    0.9062842726707458,
    0.9220756888389587,
    0.8834356069564819,
    0.8736476898193359,
    0.8582643270492554,
    0.8768293261528015,
    0.8622524738311768,
    0.877764105796814,
    0.8524288535118103,
    0.8419591784477234,
    0.8599324822425842
  ],
  "train_acc": [
    0.6941176652908325,
    0.8764705657958984,
    0.6499999761581421,
    0.6647058725357056,
    0.4529411792755127,
    0.4470588266849518,
    0.5647059082984924,
    0.7058823704719543,
    0.8558823466300964,
    0.8676470518112183,
    0.6352941393852234,
    0.6823529601097107,
    0.8294117450714111,
    0.8147059082984924,
    0.8058823347091675,
    0.7588235139846802,
    0.8264706134796143,
    0.8558823466300964,
    0.779411792755127,
    0.6529411673545837,
    0.6647058725357056,
    0.8352941274642944,
    0.8382353186607361,
    0.8235294222831726,
    0.7588235139846802,
    0.7117646932601929,
    0.7823529243469238,
    0.841176450252533,
    0.8323529362678528,
    0.8147059082984924,
    0.8294117450714111,
    0.8058823347091675,
    0.8294117450714111,
    0.8264706134796143,
    0.7911764979362488,
    0.770588219165802,
    0.7823529243469238,
    0.8147059082984924,
    0.8264706134796143
  ],
  "val_loss": [
    1.3128986358642578,
    1.2695701122283936,
    1.248966097831726,
    1.2777068614959717,
    1.2692418098449707,
    1.2400439977645874,
    1.283941388130188,
    1.3404960632324219,
    1.2922805547714233,
    1.2263821363449097,
    1.245827078819275,
    1.2517138719558716,
    1.23621666431427,
    1.2383452653884888,
    1.2340431213378906,
    1.2670670747756958,
    1.3169955015182495,
    1.2364238500595093,
    1.206008791923523,
    1.246443271636963,
    1.3865139484405518,
    1.493950366973877,
    1.4735690355300903,
    1.4339922666549683,
    1.5501360893249512,
    1.7433236837387085,
    1.7428154945373535,
    1.6918163299560547,
    1.8121739625930786,
    2.0798985958099365,
    2.1854703426361084,
    2.3119025230407715,
    2.500805139541626,
    2.5653278827667236,
    2.5590627193450928,
    2.487997531890869,
    2.4826812744140625,
    2.620915174484253,
    2.7433929443359375
  ],
  "val_acc": [
    0.8833333253860474,
    0.5833333134651184,
    0.550000011920929,
    0.25,
    0.4833333194255829,
    0.5666666626930237,
    0.6833333373069763,
    0.8833333253860474,
    0.8833333253860474,
    0.6499999761581421,
    0.25,
    0.8666666746139526,
    0.8333333134651184,
    0.8500000238418579,
    0.8500000238418579,
    0.8833333253860474,
    0.8833333253860474,
    0.8666666746139526,
    0.7666666507720947,
    0.8166666626930237,
    0.8833333253860474,
    0.8833333253860474,
    0.8833333253860474,
    0.8833333253860474,
    0.8833333253860474,
    0.8833333253860474,
    0.8833333253860474,
    0.8833333253860474,
    0.8500000238418579,
    0.8833333253860474,
    0.8833333253860474,
    0.8833333253860474,
    0.8833333253860474,
    0.8833333253860474,
    0.8833333253860474,
    0.8833333253860474,
    0.8833333253860474,
    0.8833333253860474,
    0.8833333253860474
  ],
  "val_f1": [
    0.0,
    0.24242426455020905,
    0.27027028799057007,
    0.11764706671237946,
    0.1621621698141098,
    0.2352941334247589,
    0.24000000953674316,
    0.222222238779068,
    0.0,
    0.2222222238779068,
    0.15094341337680817,
    0.0,
    0.1666666716337204,
    0.3076923191547394,
    0.3076923191547394,
    0.0,
    0.0,
    0.0,
    0.2222222238779068,
    0.2666666805744171,
    0.0,
    0.0,
    0.0,
    0.0,
    0.0,
    0.0,
    0.0,
    0.0,
    0.1818181872367859,
    0.0,
    0.0,
    0.0,
    0.0,
    0.0,
    0.0,
    0.0,
    0.0,
    0.0,
    0.0
  ],
  "lr": [
    0.01,
    0.01,
    0.01,
    0.01,
    0.01,
    0.01,
    0.01,
    0.01,
    0.01,
    0.01,
    0.01,
    0.01,
    0.01,
    0.01,
    0.01,
    0.01,
    0.01,
    0.01,
    0.01,
    0.01,
    0.01,
    0.01,
    0.01,
    0.01,
    0.01,
    0.01,
    0.01,
    0.01,
    0.01,
    0.005,
    0.005,
    0.005,
    0.005,
    0.005,
    0.005,
    0.005,
    0.005,
    0.005,
    0.005
  ]
}