{
  "train_loss": [
    1.0447361469268799,
    1.836987853050232,
    1.320669412612915,
    0.9134924411773682,
    0.7957229614257812,
    0.786089301109314,
    0.6160210371017456,
    0.6621618866920471,
    0.6153197288513184,
    0.5711414217948914,
    0.5597577691078186,
    0.5298081636428833,
    0.548968493938446,
    0.5242201685905457,
    0.49567732214927673,
    0.48884379863739014,
    0.48945119976997375,
    0.5099950432777405,
    0.4945790767669678,
    0.4841915965080261,
    0.4745649993419647
  ],
  "train_acc": [
    0.3879518210887909,
    0.7277108430862427,
    0.7036144733428955,
    0.7759036421775818,
    0.7759036421775818,
    0.8698795437812805,
    0.8289156556129456,
    0.8096385598182678,
    0.8240963816642761,
    0.8626505732536316,
    0.8771084547042847,
    0.8433734774589539,
    0.8313252925872803,
    0.8457831144332886,
    0.850602388381958,
    0.8602409362792969,
    0.8722891807556152,
    0.8843373656272888,
    0.8650602698326111,
    0.8626505732536316,
    0.8602409362792969
  ],
  "val_loss": [
    0.6384020447731018,
    0.647327184677124,
    0.6896955966949463,
    0.8636138439178467,
    0.8354803919792175,
    0.7383353114128113,
    0.7100696563720703,
    0.6907588839530945,
    0.682467520236969,
    0.792830228805542,
    0.9598058462142944,
    1.0134588479995728,
    1.0429654121398926,
    0.9951839447021484,
    0.9588111042976379,
    0.9417620301246643,
    0.9646196961402893,
    1.0248864889144897,
    1.1226123571395874,
    1.2714627981185913,
    1.4336446523666382
  ],
  "val_acc": [
    0.8833333253860474,
    0.8333333134651184,
    0.8166666626930237,
    0.13333334028720856,
    0.4166666567325592,
    0.800000011920929,
    0.7666666507720947,
    0.7666666507720947,
    0.7833333611488342,
    0.6666666865348816,
    0.21666666865348816,
    0.25,
    0.25,
    0.3333333432674408,
    0.38333332538604736,
    0.46666666865348816,
    0.4000000059604645,
    0.36666667461395264,
    0.30000001192092896,
    0.23333333432674408,
    0.1666666716337204
  ],
  "val_f1": [
    0.0,
    0.1666666716337204,
    0.4210526645183563,
    0.21212120354175568,
    0.25531914830207825,
    0.4545454680919647,
    0.4166666865348816,
    0.4166666865348816,
    0.43478262424468994,
    0.4117647111415863,
    0.2295081913471222,
    0.23728814721107483,
    0.23728814721107483,
    0.25925925374031067,
    0.27450981736183167,
    0.30434781312942505,
    0.2800000011920929,
    0.26923075318336487,
    0.25,
    0.23333334922790527,
    0.21875
  ],
  "lr": [
    0.01,
    0.01,
    0.01,
    0.01,
    0.01,
    0.01,
    0.01,
    0.01,
    0.01,
    0.01,
    0.01,
    0.005,
    0.005,
    0.005,
    0.005,
    0.005,
    0.005,
    0.005,
    0.005,
    0.005,
    0.005
  ]
}