{
  "train_loss": [
    1.2649734020233154,
    1.1908409595489502,
    1.0778874158859253,
    0.9985619187355042,
    0.9785090088844299,
    0.9696325659751892,
    1.0414303541183472,
    0.9736044406890869,
    0.9273653030395508,
    0.9146007895469666,
    0.9517953395843506,
    0.9397204518318176,
    0.8512291312217712,
    0.8713398575782776,
    0.8863443732261658,
    0.8849384188652039,
    0.875840961933136,
    0.8293682336807251,
    0.8901103138923645,
    0.809532880783081,
    0.8459736704826355,
    0.8127866983413696,
    0.8050329089164734,
    0.7608770132064819,
    0.745015025138855,
    0.7367196679115295,
    0.7267885208129883,
    0.7465716600418091,
    0.7974951267242432,
    0.7179597020149231,
    0.7289062738418579,
    0.672926127910614,
    0.6802566647529602,
    0.6424605846405029,
    0.6690093874931335,
    0.6909753084182739,
    0.6645604968070984,
    0.6541002988815308,
    0.6446415185928345,
    0.6342734694480896,
    0.7001641392707825,
    0.6652764081954956,
    0.6673945188522339,
    0.6586025357246399,
    0.6523420214653015,
    0.6374168992042542,
    0.6639314293861389,
    0.6928184628486633,
    0.6522999405860901
  ],
  "val_loss": [
    1.2489850521087646,
    1.1972827911376953,
    1.1917226314544678,
    1.3018954992294312,
    1.4513976573944092,
    1.4118129014968872,
    1.2601850032806396,
    1.1646580696105957,
    1.138036847114563,
    1.1420449018478394,
    1.1294296979904175,
    1.1270289421081543,
    1.1465624570846558,
    1.1757147312164307,
    1.2185683250427246,
    1.2163194417953491,
    1.147853136062622,
    1.0716612339019775,
    0.9989968538284302,
    0.9614928960800171,
    0.9468212723731995,
    0.9256126880645752,
    0.9049918055534363,
    0.9113143682479858,
    0.9411513805389404,
    0.9430592656135559,
    0.8792117238044739,
    0.8286840319633484,
    0.8191241025924683,
    0.8721856474876404,
    0.8539218902587891,
    0.8672906160354614,
    0.8970232009887695,
    0.9083174467086792,
    0.8852159976959229,
    0.8920221924781799,
    0.9018394351005554,
    0.9287862181663513,
    0.9515608549118042,
    0.9691359400749207,
    0.92542564868927,
    0.9052178859710693,
    0.8920708894729614,
    0.8858720660209656,
    0.8764792084693909,
    0.876642107963562,
    0.8882589340209961,
    0.9022892713546753,
    0.9192066788673401
  ],
  "val_f1": [
    0.2,
    0.33333333333333326,
    0.26666666666666666,
    0.27586206896551724,
    0.38095238095238093,
    0.4210526315789474,
    0.36363636363636365,
    0.2857142857142857,
    0.4,
    0.4210526315789474,
    0.4210526315789474,
    0.36363636363636365,
    0.4210526315789474,
    0.4210526315789474,
    0.4444444444444444,
    0.4444444444444444,
    0.4444444444444444,
    0.4,
    0.38095238095238093,
    0.4210526315789474,
    0.4210526315789474,
    0.4210526315789474,
    0.4210526315789474,
    0.4761904761904762,
    0.4210526315789474,
    0.5,
    0.5,
    0.4444444444444444,
    0.4444444444444444,
    0.5,
    0.4545454545454545,
    0.4761904761904762,
    0.4761904761904762,
    0.4545454545454545,
    0.43478260869565216,
    0.43478260869565216,
    0.4545454545454545,
    0.4761904761904762,
    0.5,
    0.5,
    0.5217391304347825,
    0.48,
    0.46153846153846156,
    0.46153846153846156,
    0.46153846153846156,
    0.46153846153846156,
    0.46153846153846156,
    0.48,
    0.48
  ],
  "val_recall": [
    0.14285714285714285,
    0.42857142857142855,
    0.5714285714285714,
    0.5714285714285714,
    0.5714285714285714,
    0.5714285714285714,
    0.5714285714285714,
    0.5714285714285714,
    0.5714285714285714,
    0.5714285714285714,
    0.5714285714285714,
    0.5714285714285714,
    0.5714285714285714,
    0.5714285714285714,
    0.5714285714285714,
    0.5714285714285714,
    0.5714285714285714,
    0.5714285714285714,
    0.5714285714285714,
    0.5714285714285714,
    0.5714285714285714,
    0.5714285714285714,
    0.5714285714285714,
    0.7142857142857143,
    0.5714285714285714,
    0.7142857142857143,
    0.7142857142857143,
    0.8571428571428571,
    0.8571428571428571,
    0.7142857142857143,
    0.7142857142857143,
    0.7142857142857143,
    0.7142857142857143,
    0.7142857142857143,
    0.7142857142857143,
    0.7142857142857143,
    0.7142857142857143,
    0.7142857142857143,
    0.7142857142857143,
    0.7142857142857143,
    0.8571428571428571,
    0.8571428571428571,
    0.8571428571428571,
    0.8571428571428571,
    0.8571428571428571,
    0.8571428571428571,
    0.8571428571428571,
    0.8571428571428571,
    0.8571428571428571
  ],
  "lr": [
    0.01,
    0.01,
    0.01,
    0.01,
    0.01,
    0.01,
    0.01,
    0.01,
    0.01,
    0.01,
    0.01,
    0.01,
    0.01,
    0.01,
    0.01,
    0.01,
    0.01,
    0.01,
    0.01,
    0.01,
    0.01,
    0.01,
    0.01,
    0.01,
    0.01,
    0.01,
    0.01,
    0.01,
    0.01,
    0.01,
    0.01,
    0.01,
    0.01,
    0.01,
    0.005,
    0.005,
    0.005,
    0.005,
    0.005,
    0.005,
    0.0025,
    0.0025,
    0.0025,
    0.0025,
    0.0025,
    0.0025,
    0.00125,
    0.00125,
    0.00125
  ]
}