{
  "train_loss": [
    1.4287663698196411,
    2.779240608215332,
    1.4908156394958496,
    2.319234609603882,
    2.147562265396118,
    1.2793574333190918,
    1.240456223487854,
    1.4824554920196533,
    1.2314701080322266,
    0.9904354214668274,
    1.1868218183517456,
    1.1506364345550537,
    0.9955381751060486,
    1.0518202781677246,
    1.0714186429977417,
    0.9742204546928406,
    1.0045031309127808,
    0.9787968993186951,
    0.950379490852356,
    0.9417679905891418,
    0.969849169254303,
    0.9509058594703674,
    0.9281822443008423,
    0.9357945919036865,
    0.922497570514679,
    0.9193165302276611,
    0.8985378742218018,
    0.894995927810669,
    0.9128268361091614,
    0.8926310539245605,
    0.8897990584373474,
    0.8783281445503235,
    0.913367509841919,
    0.8691647052764893,
    0.8875725865364075
  ],
  "train_acc": [
    0.6529411673545837,
    0.5382353067398071,
    0.17058824002742767,
    0.8882352709770203,
    0.8882352709770203,
    0.8500000238418579,
    0.6294117569923401,
    0.1147058829665184,
    0.5352941155433655,
    0.7852941155433655,
    0.8764705657958984,
    0.8794117569923401,
    0.8382353186607361,
    0.679411768913269,
    0.6617646813392639,
    0.7029411792755127,
    0.8117647171020508,
    0.8382353186607361,
    0.8352941274642944,
    0.820588231086731,
    0.7735294103622437,
    0.7911764979362488,
    0.8117647171020508,
    0.8323529362678528,
    0.8235294222831726,
    0.800000011920929,
    0.8294117450714111,
    0.7852941155433655,
    0.7735294103622437,
    0.8264706134796143,
    0.7852941155433655,
    0.8058823347091675,
    0.779411792755127,
    0.7941176295280457,
    0.8294117450714111
  ],
  "val_loss": [
    1.2567187547683716,
    1.2720190286636353,
    1.2664471864700317,
    1.2853423357009888,
    1.2636258602142334,
    1.285765290260315,
    1.3461250066757202,
    1.2778371572494507,
    1.2521684169769287,
    1.300568699836731,
    1.2797330617904663,
    1.2413004636764526,
    1.2708861827850342,
    1.2457987070083618,
    1.2181363105773926,
    1.2735670804977417,
    1.2762855291366577,
    1.2404201030731201,
    1.2307056188583374,
    1.2382118701934814,
    1.237637996673584,
    1.3073818683624268,
    1.5541014671325684,
    1.7754226922988892,
    1.8763236999511719,
    1.835084319114685,
    1.7816647291183472,
    1.784082055091858,
    1.831230878829956,
    2.003269672393799,
    2.1647963523864746,
    2.2681562900543213,
    2.2420146465301514,
    2.1370811462402344,
    2.010528802871704
  ],
  "val_acc": [
    0.44999998807907104,
    0.11666666716337204,
    0.8833333253860474,
    0.8833333253860474,
    0.8333333134651184,
    0.11666666716337204,
    0.11666666716337204,
    0.11666666716337204,
    0.8833333253860474,
    0.8833333253860474,
    0.8833333253860474,
    0.800000011920929,
    0.25,
    0.6000000238418579,
    0.7666666507720947,
    0.8833333253860474,
    0.8833333253860474,
    0.8166666626930237,
    0.6833333373069763,
    0.6666666865348816,
    0.7333333492279053,
    0.8500000238418579,
    0.8833333253860474,
    0.8833333253860474,
    0.8833333253860474,
    0.8833333253860474,
    0.8833333253860474,
    0.8833333253860474,
    0.8833333253860474,
    0.8833333253860474,
    0.8833333253860474,
    0.8833333253860474,
    0.8833333253860474,
    0.8833333253860474,
    0.8833333253860474
  ],
  "val_f1": [
    0.23255816102027893,
    0.20895522832870483,
    0.0,
    0.0,
    0.0,
    0.20895522832870483,
    0.20895522832870483,
    0.1846153885126114,
    0.0,
    0.0,
    0.0,
    0.1428571492433548,
    0.21052631735801697,
    0.29411762952804565,
    0.2222222238779068,
    0.0,
    0.0,
    0.1538461595773697,
    0.17391304671764374,
    0.23076920211315155,
    0.20000000298023224,
    0.1818181872367859,
    0.0,
    0.0,
    0.0,
    0.0,
    0.0,
    0.0,
    0.0,
    0.0,
    0.0,
    0.0,
    0.0,
    0.0,
    0.0
  ],
  "lr": [
    0.01,
    0.01,
    0.01,
    0.01,
    0.01,
    0.01,
    0.01,
    0.01,
    0.01,
    0.01,
    0.01,
    0.01,
    0.01,
    0.01,
    0.01,
    0.01,
    0.01,
    0.01,
    0.01,
    0.01,
    0.01,
    0.01,
    0.01,
    0.01,
    0.01,
    0.005,
    0.005,
    0.005,
    0.005,
    0.005,
    0.005,
    0.005,
    0.005,
    0.005,
    0.005
  ]
}