{
  "run_id": "run_20251019_170854",
  "config": {
    "data_path": "data/processed/homo_graph_with_preferences.pt",
    "raw_csv": "data/raw/originaldata.csv",
    "job_column": null,
    "encoding": "gbk",
    "skiprows": 1,
    "hidden_dim": 64,
    "num_layers": 2,
    "dropout": 0.5,
    "edge_dropout": 0.0,
    "feature_dropout": 0.0,
    "job_embed_dim": 32,
    "mlp_hidden_dim": 128,
    "lr": 0.01,
    "weight_decay": 0.0005,
    "epochs": 200,
    "patience": 20,
    "device": "cpu",
    "seed": 42,
    "save_dir": "outputs/models",
    "eval_dir": "outputs/evaluation",
    "use_focal_loss": false,
    "focal_alpha": 0.25,
    "focal_gamma": 2.0
  },
  "best_epoch": 2,
  "val_metrics": {
    "aupr": 0.3788145352184761,
    "auroc": 0.77088948787062,
    "accuracy": 0.7666666666666667,
    "precision": 0.26666666666666666,
    "recall": 0.5714285714285714,
    "f1": 0.36363636363636365,
    "tn": 42,
    "fp": 11,
    "fn": 3,
    "tp": 4,
    "loss": 1.358707308769226
  },
  "test_metrics": {
    "aupr": 0.3643849700351248,
    "auroc": 0.7323799795709908,
    "accuracy": 0.76,
    "precision": 0.25925925925925924,
    "recall": 0.6363636363636364,
    "f1": 0.368421052631579,
    "tn": 69,
    "fp": 20,
    "fn": 4,
    "tp": 7,
    "loss": 1.60747492313385
  },
  "pos_weight": 7.947368421052632,
  "num_jobs": 13,
  "job_mapping": {
    "\u6570\u636e": 0,
    "\u7b97\u6cd5": 1,
    "\u5206\u6790": 2,
    "\u4ea7\u54c1": 3,
    "\u8fd0\u8425": 4,
    "\u9500\u552e": 5,
    "\u4eba\u529b": 6,
    "\u8d22\u52a1": 7,
    "\u6cd5\u52a1": 8,
    "\u884c\u653f": 9,
    "\u7814\u53d1": 10,
    "\u751f\u4ea7": 11,
    "\u5176\u4ed6": 12,
    "\u672a\u6807\u6ce8": 13
  }
}