{
  "train_loss": [
    1.45404175194827,
    1.324441373348236,
    1.1621340892531655,
    1.0511729392138394,
    1.096775775605982,
    1.0188186873089184,
    0.8616647286848589,
    0.8886064778674733,
    0.7991438453847711,
    0.8382057439197194,
    0.7439203831282529,
    0.7093217941847715,
    0.7174441326748241,
    0.673889241435311,
    0.6073785749348727,
    0.6859637539495121,
    0.6106795939532194,
    0.568698915568265,
    0.5583171180703423,
    0.5612460686401888,
    0.6003550074317239,
    0.44149268757213245,
    0.41928884251551196,
    0.5552912815050646,
    0.4243253753943877,
    0.5538479387760162,
    0.45121232623403723
  ],
  "val_loss": [
    1.2121591866016388,
    1.1796329617500305,
    1.1582012474536896,
    1.1365996301174164,
    1.1266175210475922,
    1.1093945801258087,
    1.0876320004463196,
    1.0809265673160553,
    1.0632621943950653,
    1.024819165468216,
    0.9953397512435913,
    0.9863708317279816,
    0.9938285052776337,
    0.9972973763942719,
    1.019071489572525,
    1.0369292199611664,
    1.027166098356247,
    1.0342946350574493,
    1.066789299249649,
    1.0614638328552246,
    1.0812409222126007,
    1.155449777841568,
    1.2268206775188446,
    1.2581540644168854,
    1.292334407567978,
    1.3588133454322815,
    1.3470585644245148
  ],
  "learning_rate": [
    0.001,
    0.001,
    0.001,
    0.001,
    0.001,
    0.001,
    0.001,
    0.001,
    0.001,
    0.001,
    0.001,
    0.001,
    0.001,
    0.001,
    0.001,
    0.001,
    0.001,
    0.001,
    0.001,
    0.001,
    0.001,
    0.001,
    0.001,
    0.001,
    0.001,
    0.001,
    0.001
  ]
}