{
  "train_loss": [
    0.7321454286575317,
    0.5613626837730408,
    0.51515793800354,
    0.5017234683036804,
    0.5081405639648438,
    0.4989417493343353,
    0.4961511492729187,
    0.4962320923805237,
    0.48648199439048767,
    0.4748232066631317,
    0.47923657298088074,
    0.4733043611049652,
    0.4605557322502136,
    0.4538542926311493,
    0.4440787732601166,
    0.4435272514820099,
    0.4280112385749817,
    0.419734925031662,
    0.4049206078052521,
    0.39713793992996216,
    0.3896833062171936,
    0.3780366778373718,
    0.3741292953491211,
    0.3750467300415039,
    0.3761643171310425,
    0.3713691234588623,
    0.3647012710571289,
    0.37091222405433655,
    0.366978257894516,
    0.37066876888275146,
    0.3647497594356537,
    0.36989688873291016,
    0.3663155436515808,
    0.36315059661865234,
    0.3639732301235199,
    0.3662392497062683,
    0.36449649930000305,
    0.36403700709342957,
    0.3632257878780365,
    0.36308497190475464
  ],
  "val_loss": [
    0.5491859316825867,
    0.5303153991699219,
    0.5508259534835815,
    0.6247288584709167,
    0.5777938365936279,
    0.5346602201461792,
    0.5192280411720276,
    0.5066127181053162,
    0.509691059589386,
    0.5166010856628418,
    0.5013726353645325,
    0.48592323064804077,
    0.47227904200553894,
    0.45743274688720703,
    0.44588780403137207,
    0.42857635021209717,
    0.40802401304244995,
    0.3873097002506256,
    0.36774203181266785,
    0.3578799068927765,
    0.3674217462539673,
    0.37921342253685,
    0.39206159114837646,
    0.386044979095459,
    0.3754080832004547,
    0.36735019087791443,
    0.3637584447860718,
    0.35988131165504456,
    0.3590293228626251,
    0.3629884719848633,
    0.3625528812408447,
    0.3590208888053894,
    0.3582279086112976,
    0.3589179515838623,
    0.36025160551071167,
    0.36151397228240967,
    0.3612526059150696,
    0.36123713850975037,
    0.360674113035202,
    0.3608374297618866
  ],
  "train_pref_acc": [
    0.5298319458961487,
    0.4701680541038513,
    0.5260504484176636,
    0.5121848583221436,
    0.5096638798713684,
    0.5092437267303467,
    0.482773095369339,
    0.4882352948188782,
    0.48235294222831726,
    0.47478991746902466,
    0.4815126061439514,
    0.49537813663482666,
    0.48949578404426575,
    0.48571428656578064,
    0.47647058963775635,
    0.48025208711624146,
    0.5159664154052734,
    0.5008403658866882,
    0.5201680660247803,
    0.5121848583221436,
    0.47100839018821716,
    0.5096638798713684,
    0.5441176295280457,
    0.5483193397521973,
    0.49747899174690247,
    0.5134453773498535,
    0.4659663736820221,
    0.5092437267303467,
    0.44999998807907104,
    0.45168066024780273,
    0.4588235318660736,
    0.5004201531410217,
    0.5235294103622437,
    0.49873948097229004,
    0.5235294103622437,
    0.49915966391563416,
    0.5323529243469238,
    0.5184873938560486,
    0.5315126180648804,
    0.4886554479598999
  ],
  "val_pref_acc": [
    0.49047619104385376,
    0.5023809671401978,
    0.47857141494750977,
    0.47380951046943665,
    0.4690476059913635,
    0.4952380955219269,
    0.5285714268684387,
    0.523809552192688,
    0.5309523940086365,
    0.5547618865966797,
    0.5428571701049805,
    0.5357142686843872,
    0.523809552192688,
    0.5095238089561462,
    0.5285714268684387,
    0.5452380776405334,
    0.5452380776405334,
    0.5571428537368774,
    0.5547618865966797,
    0.5595238208770752,
    0.5333333611488342,
    0.5047619342803955,
    0.4761904776096344,
    0.4595237970352173,
    0.4523809552192688,
    0.43809524178504944,
    0.4404761791229248,
    0.4476190507411957,
    0.44999998807907104,
    0.4476190507411957,
    0.4476190507411957,
    0.44999998807907104,
    0.44999998807907104,
    0.45476189255714417,
    0.45476189255714417,
    0.45476189255714417,
    0.44999998807907104,
    0.4523809552192688,
    0.45476189255714417,
    0.45476189255714417
  ],
  "lr": [
    0.001,
    0.001,
    0.001,
    0.001,
    0.001,
    0.001,
    0.001,
    0.001,
    0.001,
    0.001,
    0.001,
    0.001,
    0.001,
    0.001,
    0.001,
    0.001,
    0.001,
    0.001,
    0.001,
    0.001,
    0.001,
    0.001,
    0.001,
    0.001,
    0.001,
    0.001,
    0.0005,
    0.0005,
    0.0005,
    0.0005,
    0.0005,
    0.0005,
    0.00025,
    0.00025,
    0.00025,
    0.00025,
    0.00025,
    0.00025,
    0.000125,
    0.000125
  ]
}