{
  "train_loss": [
    0.7321454286575317,
    0.5613626837730408,
    0.51515793800354,
    0.5017234683036804,
    0.5081405639648438,
    0.49894168972969055,
    0.4961511492729187,
    0.49623218178749084,
    0.48648157715797424,
    0.4748336672782898,
    0.4792240858078003,
    0.4733651876449585,
    0.46060624718666077,
    0.4537602365016937,
    0.44380414485931396,
    0.4433092772960663,
    0.4274686574935913,
    0.41973161697387695,
    0.4045712947845459,
    0.3972068727016449,
    0.38952359557151794,
    0.37860408425331116,
    0.374492883682251,
    0.37530189752578735,
    0.3768783211708069,
    0.37182852625846863,
    0.3661244809627533,
    0.3722071945667267,
    0.36728358268737793,
    0.37108394503593445,
    0.36600759625434875,
    0.3698030710220337,
    0.36621442437171936,
    0.36357274651527405,
    0.3645542860031128,
    0.36657050251960754,
    0.3648577928543091,
    0.36508962512016296,
    0.3647102415561676,
    0.3628278970718384
  ],
  "val_loss": [
    0.5491859316825867,
    0.5303153991699219,
    0.5508259534835815,
    0.6247288584709167,
    0.5777938365936279,
    0.534660279750824,
    0.519227921962738,
    0.5066147446632385,
    0.5097149014472961,
    0.516746997833252,
    0.5016084909439087,
    0.4859640300273895,
    0.47226762771606445,
    0.45722830295562744,
    0.44548287987709045,
    0.4280780851840973,
    0.407944917678833,
    0.38643938302993774,
    0.3666473925113678,
    0.3576292395591736,
    0.3671695590019226,
    0.3774373233318329,
    0.39464378356933594,
    0.3914523422718048,
    0.3758370280265808,
    0.369745135307312,
    0.36540597677230835,
    0.3614645004272461,
    0.3599720299243927,
    0.3622254431247711,
    0.3619997501373291,
    0.3587620258331299,
    0.35797250270843506,
    0.3583288788795471,
    0.35919299721717834,
    0.35992497205734253,
    0.35983216762542725,
    0.3604184091091156,
    0.3599880337715149,
    0.3602830171585083
  ],
  "train_pref_acc": [
    0.5298319458961487,
    0.4701680541038513,
    0.5260504484176636,
    0.5121848583221436,
    0.5096638798713684,
    0.5092437267303467,
    0.482773095369339,
    0.4882352948188782,
    0.48235294222831726,
    0.4735293984413147,
    0.48235294222831726,
    0.49495798349380493,
    0.4920167922973633,
    0.48571428656578064,
    0.4739495813846588,
    0.48025208711624146,
    0.5126050710678101,
    0.5054621696472168,
    0.5231092572212219,
    0.5050420165061951,
    0.4714285731315613,
    0.5079832077026367,
    0.5348739624023438,
    0.5478991866111755,
    0.4928571283817291,
    0.5037814974784851,
    0.4478991627693176,
    0.49705880880355835,
    0.4306722581386566,
    0.43487393856048584,
    0.4571428596973419,
    0.4886554479598999,
    0.5037814974784851,
    0.4920167922973633,
    0.5121848583221436,
    0.48571428656578064,
    0.5113445520401001,
    0.5109243988990784,
    0.5126050710678101,
    0.46890756487846375
  ],
  "val_pref_acc": [
    0.49047619104385376,
    0.5023809671401978,
    0.47857141494750977,
    0.47380951046943665,
    0.4690476059913635,
    0.4952380955219269,
    0.5285714268684387,
    0.523809552192688,
    0.5309523940086365,
    0.5523809790611267,
    0.5452380776405334,
    0.5428571701049805,
    0.538095235824585,
    0.5142857432365417,
    0.5285714268684387,
    0.5404762029647827,
    0.550000011920929,
    0.5476190447807312,
    0.5428571701049805,
    0.5476190447807312,
    0.5214285850524902,
    0.49761903285980225,
    0.46666666865348816,
    0.44999998807907104,
    0.4476190507411957,
    0.44285714626312256,
    0.43809524178504944,
    0.44285714626312256,
    0.4452380836009979,
    0.44285714626312256,
    0.4452380836009979,
    0.4476190507411957,
    0.44285714626312256,
    0.44285714626312256,
    0.4452380836009979,
    0.4452380836009979,
    0.4452380836009979,
    0.4476190507411957,
    0.4476190507411957,
    0.4476190507411957
  ],
  "lr": [
    0.001,
    0.001,
    0.001,
    0.001,
    0.001,
    0.001,
    0.001,
    0.001,
    0.001,
    0.001,
    0.001,
    0.001,
    0.001,
    0.001,
    0.001,
    0.001,
    0.001,
    0.001,
    0.001,
    0.001,
    0.001,
    0.001,
    0.001,
    0.001,
    0.001,
    0.001,
    0.0005,
    0.0005,
    0.0005,
    0.0005,
    0.0005,
    0.0005,
    0.00025,
    0.00025,
    0.00025,
    0.00025,
    0.00025,
    0.00025,
    0.000125,
    0.000125
  ]
}