{
  "train_loss": [
    1.2554421424865723,
    1.1197253465652466,
    0.9987688064575195,
    0.8842495083808899,
    0.898966372013092,
    0.8274317979812622,
    0.7764182686805725,
    0.7691915035247803,
    0.758141040802002,
    0.7683344483375549,
    0.6906641721725464,
    0.675856351852417,
    0.7154409289360046,
    0.6821123361587524,
    0.6790294647216797,
    0.6645819544792175,
    0.6443482637405396,
    0.661069929599762,
    0.6400201916694641,
    0.6735785007476807,
    0.6458635926246643,
    0.672671914100647
  ],
  "val_loss": [
    1.2109222412109375,
    1.1592884063720703,
    1.1910550594329834,
    1.3791766166687012,
    1.405395746231079,
    1.3057658672332764,
    1.22787344455719,
    1.1923329830169678,
    1.1895421743392944,
    1.208819031715393,
    1.2625415325164795,
    1.3769336938858032,
    1.4906349182128906,
    1.545157790184021,
    1.540295124053955,
    1.507026195526123,
    1.4571565389633179,
    1.4112433195114136,
    1.3791184425354004,
    1.354766607284546,
    1.3529094457626343,
    1.358707308769226
  ],
  "val_f1": [
    0.16666666666666663,
    0.2857142857142857,
    0.3333333333333333,
    0.34782608695652173,
    0.36363636363636365,
    0.3333333333333333,
    0.3333333333333333,
    0.3333333333333333,
    0.3333333333333333,
    0.3333333333333333,
    0.34782608695652173,
    0.34782608695652173,
    0.38095238095238093,
    0.38095238095238093,
    0.38095238095238093,
    0.38095238095238093,
    0.38095238095238093,
    0.38095238095238093,
    0.36363636363636365,
    0.36363636363636365,
    0.36363636363636365,
    0.36363636363636365
  ],
  "val_recall": [
    0.42857142857142855,
    0.5714285714285714,
    0.5714285714285714,
    0.5714285714285714,
    0.5714285714285714,
    0.5714285714285714,
    0.5714285714285714,
    0.5714285714285714,
    0.5714285714285714,
    0.5714285714285714,
    0.5714285714285714,
    0.5714285714285714,
    0.5714285714285714,
    0.5714285714285714,
    0.5714285714285714,
    0.5714285714285714,
    0.5714285714285714,
    0.5714285714285714,
    0.5714285714285714,
    0.5714285714285714,
    0.5714285714285714,
    0.5714285714285714
  ],
  "lr": [
    0.01,
    0.01,
    0.01,
    0.01,
    0.01,
    0.01,
    0.01,
    0.005,
    0.005,
    0.005,
    0.005,
    0.005,
    0.005,
    0.0025,
    0.0025,
    0.0025,
    0.0025,
    0.0025,
    0.0025,
    0.00125,
    0.00125,
    0.00125
  ]
}