{
  "train_loss": [
    1.690285563468933,
    4.517800807952881,
    3.8108036518096924,
    1.6031090021133423,
    6.482386589050293,
    8.432095527648926,
    5.731498718261719,
    3.0614430904388428,
    2.493452310562134,
    2.2928390502929688,
    2.474576234817505,
    2.5020103454589844,
    1.9499030113220215,
    1.4741477966308594,
    1.6440627574920654,
    1.893133521080017,
    1.8621981143951416,
    1.6877611875534058,
    1.5556601285934448,
    1.481688141822815,
    1.443702220916748,
    1.4616515636444092,
    1.4725492000579834,
    1.426092505455017,
    1.3797743320465088,
    1.376698613166809,
    1.4143239259719849,
    1.4039403200149536,
    1.3825725317001343,
    1.3512967824935913,
    1.3826321363449097,
    1.358679175376892,
    1.347420573234558,
    1.3327337503433228,
    1.3336913585662842,
    1.3324490785598755,
    1.328805685043335,
    1.3026800155639648,
    1.2939640283584595,
    1.2787915468215942
  ],
  "train_acc": [
    0.19117647409439087,
    0.5264706015586853,
    0.11176470667123795,
    0.3529411852359772,
    0.8882352709770203,
    0.8882352709770203,
    0.8882352709770203,
    0.820588231086731,
    0.5852941274642944,
    0.5264706015586853,
    0.11176470667123795,
    0.11176470667123795,
    0.11176470667123795,
    0.11176470667123795,
    0.8441176414489746,
    0.8676470518112183,
    0.8382353186607361,
    0.7382352948188782,
    0.658823549747467,
    0.5970588326454163,
    0.38823530077934265,
    0.11176470667123795,
    0.1147058829665184,
    0.4176470637321472,
    0.5794117450714111,
    0.591176450252533,
    0.6235294342041016,
    0.6411764621734619,
    0.6499999761581421,
    0.6647058725357056,
    0.658823549747467,
    0.6235294342041016,
    0.6117647290229797,
    0.6176470518112183,
    0.5852941274642944,
    0.5823529362678528,
    0.5764706134796143,
    0.6264705657958984,
    0.6441176533699036,
    0.7147058844566345
  ],
  "val_loss": [
    1.8208805322647095,
    1.8042653799057007,
    1.825465440750122,
    2.529031276702881,
    3.080700159072876,
    3.009302854537964,
    2.5091559886932373,
    2.0267434120178223,
    1.9574966430664062,
    2.1339595317840576,
    2.1494574546813965,
    1.9582821130752563,
    1.756251573562622,
    1.804057002067566,
    1.929440975189209,
    1.9630351066589355,
    1.917224645614624,
    1.8316899538040161,
    1.753868818283081,
    1.7117879390716553,
    1.7492557764053345,
    1.8112086057662964,
    1.8030191659927368,
    1.7649593353271484,
    1.788245677947998,
    1.848097562789917,
    1.8684345483779907,
    1.8516026735305786,
    1.8433283567428589,
    1.8746521472930908,
    1.906411051750183,
    1.8987542390823364,
    1.9078783988952637,
    1.9446136951446533,
    2.006718158721924,
    2.075246810913086,
    2.151487112045288,
    2.248788356781006,
    2.3576338291168213,
    2.4852232933044434
  ],
  "val_acc": [
    0.44999998807907104,
    0.11666666716337204,
    0.11666666716337204,
    0.8833333253860474,
    0.8833333253860474,
    0.8833333253860474,
    0.8333333134651184,
    0.46666666865348816,
    0.1666666716337204,
    0.11666666716337204,
    0.11666666716337204,
    0.11666666716337204,
    0.11666666716337204,
    0.2666666805744171,
    0.8833333253860474,
    0.8166666626930237,
    0.550000011920929,
    0.46666666865348816,
    0.44999998807907104,
    0.11666666716337204,
    0.11666666716337204,
    0.30000001192092896,
    0.5,
    0.6499999761581421,
    0.5666666626930237,
    0.5666666626930237,
    0.5666666626930237,
    0.6000000238418579,
    0.6499999761581421,
    0.7666666507720947,
    0.7833333611488342,
    0.7666666507720947,
    0.7666666507720947,
    0.7666666507720947,
    0.7666666507720947,
    0.7833333611488342,
    0.7833333611488342,
    0.8333333134651184,
    0.8666666746139526,
    0.8666666746139526
  ],
  "val_f1": [
    0.23255816102027893,
    0.20895522832870483,
    0.20895522832870483,
    0.0,
    0.0,
    0.0,
    0.2857142984867096,
    0.2380952388048172,
    0.19354838132858276,
    0.20895522832870483,
    0.20895522832870483,
    0.20895522832870483,
    0.20895522832870483,
    0.24137930572032928,
    0.222222238779068,
    0.4210526645183563,
    0.27027028799057007,
    0.2380952388048172,
    0.23255816102027893,
    0.20895522832870483,
    0.20895522832870483,
    0.25,
    0.2857142984867096,
    0.27586206793785095,
    0.2352941334247589,
    0.2352941334247589,
    0.2352941334247589,
    0.2499999850988388,
    0.2222222238779068,
    0.2222222238779068,
    0.23529411852359772,
    0.2222222238779068,
    0.2222222238779068,
    0.2222222238779068,
    0.2222222238779068,
    0.23529411852359772,
    0.13333334028720856,
    0.1666666716337204,
    0.20000000298023224,
    0.20000000298023224
  ],
  "lr": [
    0.01,
    0.01,
    0.01,
    0.01,
    0.01,
    0.01,
    0.01,
    0.01,
    0.01,
    0.01,
    0.01,
    0.01,
    0.01,
    0.01,
    0.01,
    0.01,
    0.01,
    0.01,
    0.01,
    0.01,
    0.01,
    0.01,
    0.01,
    0.01,
    0.01,
    0.01,
    0.01,
    0.01,
    0.01,
    0.01,
    0.005,
    0.005,
    0.005,
    0.005,
    0.005,
    0.005,
    0.005,
    0.005,
    0.005,
    0.005
  ]
}