{
  "train_loss": [
    1.6201105117797852,
    2.740861654281616,
    1.6677215099334717,
    2.614689826965332,
    2.00608491897583,
    1.5227888822555542,
    1.30026113986969,
    1.434219479560852,
    1.3545522689819336,
    1.2375653982162476,
    1.1789391040802002,
    1.1056571006774902,
    1.077608346939087,
    1.0886709690093994,
    1.009081244468689,
    0.9902145266532898,
    1.0394142866134644,
    1.0325379371643066,
    1.0016679763793945,
    0.9483465552330017,
    0.9834310412406921,
    0.9733436107635498,
    0.9386323690414429,
    0.9219280481338501,
    0.926482617855072,
    0.9448819160461426,
    0.9059365391731262,
    0.9209790229797363,
    0.8909010887145996,
    0.9025602340698242,
    0.909735381603241,
    0.8861985802650452,
    0.8923401832580566,
    0.8665083646774292,
    0.8643921613693237,
    0.8678351044654846,
    0.8852643370628357,
    0.848247230052948,
    0.8745044469833374,
    0.8430983424186707,
    0.8482646346092224,
    0.833013653755188,
    0.847578227519989
  ],
  "train_acc": [
    0.4647058844566345,
    0.5352941155433655,
    0.18529412150382996,
    0.8882352709770203,
    0.8970588445663452,
    0.7441176176071167,
    0.6529411673545837,
    0.1147058829665184,
    0.36764705181121826,
    0.8794117569923401,
    0.8735294342041016,
    0.7411764860153198,
    0.6441176533699036,
    0.6470588445663452,
    0.6764705777168274,
    0.8294117450714111,
    0.8617647290229797,
    0.8617647290229797,
    0.8470588326454163,
    0.7823529243469238,
    0.6705882549285889,
    0.6941176652908325,
    0.7823529243469238,
    0.8264706134796143,
    0.8441176414489746,
    0.8470588326454163,
    0.8147059082984924,
    0.8058823347091675,
    0.7882353067398071,
    0.7764706015586853,
    0.8352941274642944,
    0.8294117450714111,
    0.7852941155433655,
    0.7823529243469238,
    0.8235294222831726,
    0.8294117450714111,
    0.7852941155433655,
    0.7941176295280457,
    0.7852941155433655,
    0.7852941155433655,
    0.7882353067398071,
    0.8176470398902893,
    0.8147059082984924
  ],
  "val_loss": [
    1.2688987255096436,
    1.3109705448150635,
    1.2715411186218262,
    1.308413028717041,
    1.3098845481872559,
    1.2768023014068604,
    1.347800374031067,
    1.3197095394134521,
    1.2778782844543457,
    1.3246142864227295,
    1.3543701171875,
    1.313536286354065,
    1.2788586616516113,
    1.2338272333145142,
    1.1962443590164185,
    1.2027671337127686,
    1.2028530836105347,
    1.1791640520095825,
    1.1591814756393433,
    1.178470253944397,
    1.1795127391815186,
    1.1546684503555298,
    1.1457380056381226,
    1.1856027841567993,
    1.2585781812667847,
    1.2887381315231323,
    1.2969970703125,
    1.4228285551071167,
    1.539170742034912,
    1.6400128602981567,
    1.7687156200408936,
    1.9385432004928589,
    1.9996953010559082,
    1.941583514213562,
    1.8497745990753174,
    1.8551976680755615,
    1.884360432624817,
    1.9034411907196045,
    1.8216900825500488,
    1.7374030351638794,
    1.6981524229049683,
    1.6758477687835693,
    1.7392791509628296
  ],
  "val_acc": [
    0.44999998807907104,
    0.11666666716337204,
    0.8833333253860474,
    0.8833333253860474,
    0.6333333253860474,
    0.5,
    0.11666666716337204,
    0.4833333194255829,
    0.8833333253860474,
    0.8833333253860474,
    0.699999988079071,
    0.5666666626930237,
    0.5333333611488342,
    0.5333333611488342,
    0.7833333611488342,
    0.8666666746139526,
    0.8666666746139526,
    0.8666666746139526,
    0.7666666507720947,
    0.5666666626930237,
    0.5666666626930237,
    0.6833333373069763,
    0.7833333611488342,
    0.8666666746139526,
    0.8666666746139526,
    0.8666666746139526,
    0.8500000238418579,
    0.8666666746139526,
    0.8833333253860474,
    0.8833333253860474,
    0.8833333253860474,
    0.8833333253860474,
    0.8833333253860474,
    0.8833333253860474,
    0.8833333253860474,
    0.8833333253860474,
    0.8833333253860474,
    0.8833333253860474,
    0.8833333253860474,
    0.8833333253860474,
    0.8833333253860474,
    0.8666666746139526,
    0.8333333134651184
  ],
  "val_f1": [
    0.23255816102027893,
    0.20895522832870483,
    0.0,
    0.0,
    0.2666666805744171,
    0.2500000298023224,
    0.20895522832870483,
    0.11428572237491608,
    0.0,
    0.222222238779068,
    0.3076923191547394,
    0.2352941334247589,
    0.2631579041481018,
    0.2631579041481018,
    0.380952388048172,
    0.20000000298023224,
    0.20000000298023224,
    0.20000000298023224,
    0.3636363744735718,
    0.2352941334247589,
    0.2352941334247589,
    0.29629629850387573,
    0.31578946113586426,
    0.3333333432674408,
    0.20000000298023224,
    0.20000000298023224,
    0.1818181872367859,
    0.20000000298023224,
    0.0,
    0.0,
    0.0,
    0.0,
    0.0,
    0.0,
    0.0,
    0.0,
    0.0,
    0.0,
    0.0,
    0.0,
    0.0,
    0.20000000298023224,
    0.1666666716337204
  ],
  "lr": [
    0.01,
    0.01,
    0.01,
    0.01,
    0.01,
    0.01,
    0.01,
    0.01,
    0.01,
    0.01,
    0.01,
    0.005,
    0.005,
    0.005,
    0.005,
    0.005,
    0.005,
    0.005,
    0.005,
    0.005,
    0.005,
    0.005,
    0.005,
    0.005,
    0.005,
    0.005,
    0.005,
    0.005,
    0.005,
    0.005,
    0.005,
    0.005,
    0.005,
    0.0025,
    0.0025,
    0.0025,
    0.0025,
    0.0025,
    0.0025,
    0.0025,
    0.0025,
    0.0025,
    0.0025
  ]
}