{
  "train_loss": [
    1.205424427986145,
    3.219249725341797,
    2.4067318439483643,
    1.1389009952545166,
    2.206228733062744,
    2.069190263748169,
    1.2975810766220093,
    1.144999384880066,
    1.226278305053711,
    1.169638991355896,
    1.0120487213134766,
    1.209198236465454,
    1.1962083578109741,
    1.0215234756469727,
    1.0229090452194214,
    1.0508840084075928,
    1.0222246646881104,
    0.9901717901229858,
    1.027382731437683,
    0.983372151851654,
    0.9669544696807861,
    0.9826381802558899,
    0.9787278175354004,
    0.9691183567047119,
    0.9709479808807373,
    0.9577605128288269,
    0.952581524848938,
    0.940234363079071,
    0.9354533553123474,
    0.948833703994751,
    0.9139102697372437,
    0.9144251942634583,
    0.9273713231086731,
    0.9284374713897705,
    0.9043940901756287,
    0.8964936137199402,
    0.8979107737541199
  ],
  "train_acc": [
    0.7941176295280457,
    0.529411792755127,
    0.11764705926179886,
    0.7735294103622437,
    0.8882352709770203,
    0.8235294222831726,
    0.364705890417099,
    0.591176450252533,
    0.6499999761581421,
    0.6499999761581421,
    0.8235294222831726,
    0.44411763548851013,
    0.42352941632270813,
    0.8294117450714111,
    0.7823529243469238,
    0.6941176652908325,
    0.7029411792755127,
    0.6852940917015076,
    0.8117647171020508,
    0.7970588207244873,
    0.8235294222831726,
    0.8323529362678528,
    0.7676470875740051,
    0.7558823823928833,
    0.7735294103622437,
    0.820588231086731,
    0.8294117450714111,
    0.8147059082984924,
    0.779411792755127,
    0.7764706015586853,
    0.7911764979362488,
    0.800000011920929,
    0.7970588207244873,
    0.8441176414489746,
    0.8058823347091675,
    0.8235294222831726,
    0.8058823347091675
  ],
  "val_loss": [
    1.2696319818496704,
    1.3273757696151733,
    1.25278902053833,
    1.2990717887878418,
    1.347598910331726,
    1.328719973564148,
    1.2598618268966675,
    1.2728917598724365,
    1.2774275541305542,
    1.2264175415039062,
    1.3105907440185547,
    1.327112078666687,
    1.2379329204559326,
    1.2479310035705566,
    1.2860832214355469,
    1.2415481805801392,
    1.1979138851165771,
    1.2186477184295654,
    1.2096521854400635,
    1.213548183441162,
    1.2257903814315796,
    1.2242205142974854,
    1.2235676050186157,
    1.2332630157470703,
    1.2626450061798096,
    1.3508750200271606,
    1.4697479009628296,
    1.570873498916626,
    1.5548558235168457,
    1.5089669227600098,
    1.4756354093551636,
    1.4792016744613647,
    1.5120031833648682,
    1.5470019578933716,
    1.637976050376892,
    1.7636252641677856,
    1.8917508125305176
  ],
  "val_acc": [
    0.46666666865348816,
    0.11666666716337204,
    0.5666666626930237,
    0.8500000238418579,
    0.550000011920929,
    0.4833333194255829,
    0.4166666567325592,
    0.5666666626930237,
    0.5666666626930237,
    0.75,
    0.4833333194255829,
    0.44999998807907104,
    0.7666666507720947,
    0.800000011920929,
    0.7333333492279053,
    0.8166666626930237,
    0.8333333134651184,
    0.8666666746139526,
    0.8666666746139526,
    0.7833333611488342,
    0.7833333611488342,
    0.6666666865348816,
    0.6666666865348816,
    0.75,
    0.8500000238418579,
    0.8833333253860474,
    0.8833333253860474,
    0.8833333253860474,
    0.8833333253860474,
    0.8999999761581421,
    0.8833333253860474,
    0.8833333253860474,
    0.8833333253860474,
    0.8833333253860474,
    0.8833333253860474,
    0.8833333253860474,
    0.8833333253860474
  ],
  "val_f1": [
    0.2380952388048172,
    0.20895522832870483,
    0.2352941334247589,
    0.0,
    0.12903226912021637,
    0.11428572237491608,
    0.25531914830207825,
    0.2352941334247589,
    0.2352941334247589,
    0.21052633225917816,
    0.11428572237491608,
    0.10810811817646027,
    0.29999998211860657,
    0.3333333432674408,
    0.3333333432674408,
    0.4210526645183563,
    0.375,
    0.0,
    0.20000000298023224,
    0.23529411852359772,
    0.31578946113586426,
    0.23076920211315155,
    0.23076920211315155,
    0.21052633225917816,
    0.1818181872367859,
    0.0,
    0.0,
    0.0,
    0.0,
    0.25,
    0.0,
    0.0,
    0.0,
    0.0,
    0.0,
    0.0,
    0.0
  ],
  "lr": [
    0.01,
    0.01,
    0.01,
    0.01,
    0.01,
    0.01,
    0.01,
    0.01,
    0.01,
    0.01,
    0.01,
    0.01,
    0.01,
    0.01,
    0.01,
    0.01,
    0.01,
    0.01,
    0.01,
    0.01,
    0.01,
    0.01,
    0.01,
    0.01,
    0.01,
    0.01,
    0.01,
    0.005,
    0.005,
    0.005,
    0.005,
    0.005,
    0.005,
    0.005,
    0.005,
    0.005,
    0.005
  ]
}