{
  "train_loss": [
    1.2257139682769775,
    1.113689661026001,
    0.9664053320884705,
    0.9074596762657166,
    0.8587561845779419,
    0.8046848773956299,
    0.7453789114952087,
    0.7095001935958862,
    0.6859952807426453,
    0.6236912608146667,
    0.5879429578781128,
    0.5207628607749939,
    0.501919150352478,
    0.4768714904785156,
    0.46861690282821655,
    0.4215308725833893,
    0.4335329830646515,
    0.4089485704898834,
    0.39454570412635803,
    0.3732894957065582,
    0.4071670174598694,
    0.38515153527259827,
    0.3719501197338104,
    0.3776193857192993,
    0.3450320065021515,
    0.3672865331172943,
    0.33048126101493835,
    0.33401185274124146
  ],
  "val_loss": [
    1.2018356323242188,
    1.1566636562347412,
    1.2238657474517822,
    1.2374776601791382,
    1.1823493242263794,
    1.1190104484558105,
    1.0639331340789795,
    1.052018404006958,
    1.069500207901001,
    1.1372610330581665,
    1.2612441778182983,
    1.375435709953308,
    1.3926268815994263,
    1.3866691589355469,
    1.4191449880599976,
    1.4916976690292358,
    1.5633186101913452,
    1.6418423652648926,
    1.6839673519134521,
    1.7197144031524658,
    1.7259386777877808,
    1.7304774522781372,
    1.738365650177002,
    1.7400490045547485,
    1.7594133615493774,
    1.7981986999511719,
    1.8256574869155884,
    1.854602336883545
  ],
  "val_f1": [
    0.3333333333333333,
    0.4,
    0.43478260869565216,
    0.3333333333333333,
    0.3846153846153846,
    0.4761904761904762,
    0.5,
    0.43478260869565216,
    0.4545454545454545,
    0.5,
    0.5555555555555556,
    0.5555555555555556,
    0.5263157894736842,
    0.4761904761904762,
    0.4761904761904762,
    0.5555555555555556,
    0.47058823529411764,
    0.47058823529411764,
    0.47058823529411764,
    0.4444444444444444,
    0.4444444444444444,
    0.5263157894736842,
    0.5,
    0.4761904761904762,
    0.4545454545454545,
    0.5,
    0.5263157894736842,
    0.5263157894736842
  ],
  "val_recall": [
    0.5714285714285714,
    0.7142857142857143,
    0.7142857142857143,
    0.7142857142857143,
    0.7142857142857143,
    0.7142857142857143,
    0.7142857142857143,
    0.7142857142857143,
    0.7142857142857143,
    0.7142857142857143,
    0.7142857142857143,
    0.7142857142857143,
    0.7142857142857143,
    0.7142857142857143,
    0.7142857142857143,
    0.7142857142857143,
    0.5714285714285714,
    0.5714285714285714,
    0.5714285714285714,
    0.5714285714285714,
    0.5714285714285714,
    0.7142857142857143,
    0.7142857142857143,
    0.7142857142857143,
    0.7142857142857143,
    0.7142857142857143,
    0.7142857142857143,
    0.7142857142857143
  ],
  "lr": [
    0.01,
    0.01,
    0.01,
    0.01,
    0.01,
    0.01,
    0.01,
    0.01,
    0.01,
    0.01,
    0.01,
    0.01,
    0.01,
    0.005,
    0.005,
    0.005,
    0.005,
    0.005,
    0.005,
    0.0025,
    0.0025,
    0.0025,
    0.0025,
    0.0025,
    0.0025,
    0.00125,
    0.00125,
    0.00125
  ]
}