{
  "config": {
    "data_path": "data/processed/homo_graph_with_preferences.pt",
    "architecture": "default",
    "position_embed_dim": 32,
    "dropout": 0.5,
    "preference_loss": "pairwise",
    "alpha": 0.5,
    "beta": 0.5,
    "lr": 0.01,
    "weight_decay": 0.0005,
    "epochs": 100,
    "patience": 20,
    "device": "cpu",
    "seed": 42,
    "save_dir": "outputs/multitask_gcn"
  },
  "model_params": 18305,
  "best_epoch": 12,
  "best_val_aupr": 0.29956036525803964,
  "best_threshold": 0.5000000000000001,
  "test_turnover_metrics": {
    "aupr": 0.34832322749989986,
    "auroc": 0.7589376915219611,
    "f1": 0.358974358974359,
    "precision": 0.25,
    "recall": 0.6363636363636364,
    "threshold": 0.5000000000000001
  },
  "test_preference_metrics": {
    "ndcg@3": 0.6337184886464055,
    "ndcg@5": 0.7213893857524795,
    "pairwise_accuracy": 0.5004761904761905
  },
  "training_history": {
    "train_total_loss": [
      1.1237472295761108,
      1.1321630477905273,
      1.1170612573623657,
      1.1158498525619507,
      1.1116015911102295,
      1.1071451902389526,
      1.1002157926559448,
      1.0977935791015625,
      1.086787462234497,
      1.0781065225601196,
      1.0809011459350586,
      1.0740249156951904,
      1.059891700744629,
      1.0687589645385742,
      1.044212818145752,
      1.0305345058441162,
      1.0176072120666504,
      1.0347590446472168,
      1.0277509689331055,
      1.0185787677764893,
      1.0066781044006348,
      1.0406057834625244,
      1.0089021921157837,
      1.0334551334381104,
      1.0359468460083008,
      1.0064499378204346,
      1.0005563497543335,
      1.0213226079940796,
      0.9957442283630371,
      1.0137372016906738,
      1.0084056854248047,
      0.9971498847007751
    ],
    "train_turnover_loss": [
      1.2417882680892944,
      1.2465856075286865,
      1.2398184537887573,
      1.239268183708191,
      1.230643630027771,
      1.2256388664245605,
      1.2164802551269531,
      1.2154806852340698,
      1.1955968141555786,
      1.177687406539917,
      1.1828038692474365,
      1.1689108610153198,
      1.13755464553833,
      1.1525146961212158,
      1.1079354286193848,
      1.0765711069107056,
      1.050015926361084,
      1.0692200660705566,
      1.0709365606307983,
      1.0564184188842773,
      1.0325995683670044,
      1.0966519117355347,
      1.0297632217407227,
      1.087217926979065,
      1.092679500579834,
      1.0347744226455688,
      1.0238385200500488,
      1.0669382810592651,
      1.0166206359863281,
      1.0541020631790161,
      1.0440657138824463,
      1.0215222835540771
    ],
    "train_preference_loss": [
      1.0057061910629272,
      1.0177406072616577,
      0.9943040609359741,
      0.9924315214157104,
      0.9925594329833984,
      0.9886515736579895,
      0.9839513897895813,
      0.9801065325737,
      0.9779782295227051,
      0.978525698184967,
      0.9789983034133911,
      0.9791390895843506,
      0.9822286367416382,
      0.9850031137466431,
      0.9804902672767639,
      0.9844978451728821,
      0.9851984977722168,
      1.0002979040145874,
      0.984565258026123,
      0.9807389974594116,
      0.9807566404342651,
      0.9845595359802246,
      0.9880411624908447,
      0.9796923398971558,
      0.979214072227478,
      0.9781255722045898,
      0.9772741794586182,
      0.9757069945335388,
      0.9748678207397461,
      0.9733722805976868,
      0.9727456569671631,
      0.9727774858474731
    ],
    "val_aupr": [
      0.2781317405010785,
      0.27901810758953616,
      0.2809778145492431,
      0.2847873383587669,
      0.2847873383587669,
      0.2847873383587669,
      0.2847873383587669,
      0.2903428939143225,
      0.27575084144851586,
      0.2877622964579486,
      0.2947028197028197,
      0.29956036525803964,
      0.2763045513045513,
      0.29523136092903535,
      0.2947028197028197,
      0.2932521427202278,
      0.2947028197028197,
      0.2947028197028197,
      0.28190149059714276,
      0.2655662155662155,
      0.2760869118011975,
      0.28302996874425446,
      0.2657535459800268,
      0.2657535459800268,
      0.2657535459800268,
      0.2901728258871116,
      0.2620905423170231,
      0.28590006612654695,
      0.28590006612654695,
      0.28590006612654695,
      0.28590006612654695,
      0.2895630697895506
    ],
    "val_auroc": [
      0.738544474393531,
      0.6981132075471698,
      0.706199460916442,
      0.7277628032345014,
      0.7277628032345014,
      0.7277628032345014,
      0.7277628032345014,
      0.7277628032345014,
      0.7169811320754718,
      0.706199460916442,
      0.7142857142857142,
      0.7196765498652291,
      0.7196765498652291,
      0.7169811320754716,
      0.7142857142857142,
      0.706199460916442,
      0.7142857142857142,
      0.7142857142857142,
      0.7008086253369272,
      0.692722371967655,
      0.7035040431266846,
      0.7142857142857142,
      0.7169811320754716,
      0.7169811320754716,
      0.7169811320754716,
      0.7223719676549866,
      0.7142857142857143,
      0.7169811320754716,
      0.7169811320754716,
      0.7169811320754716,
      0.7169811320754716,
      0.7196765498652291
    ],
    "val_ndcg3": [
      0.6343485915127308,
      0.6619176845086536,
      0.6586767119497836,
      0.6743578757769595,
      0.6674129345793809,
      0.6691006684254867,
      0.6715049148444,
      0.6698326547720087,
      0.6677271539596853,
      0.6570044518773923,
      0.6662036705868281,
      0.6615141991086289,
      0.6779713861884258,
      0.6715049148443999,
      0.6539729589053919,
      0.6382608475307873,
      0.6453700392016142,
      0.6315408596937927,
      0.6200861712649776,
      0.6395010590707688,
      0.6339748614526127,
      0.6227296526106673,
      0.6497762388469379,
      0.6644421444947162,
      0.6607072283085789,
      0.6617677156015976,
      0.6655609502600266,
      0.6650681988402812,
      0.6643064571538526,
      0.6698326547720087,
      0.6778678386025129,
      0.6781653920015811
    ],
    "val_ndcg5": [
      0.7350579285908597,
      0.7606750825411676,
      0.7563344406250939,
      0.737783941036119,
      0.7318967452755053,
      0.7411840328466612,
      0.7369600225150449,
      0.7401078828257293,
      0.7363684339779396,
      0.7353524090253587,
      0.7426245765183094,
      0.7338210738086689,
      0.7421674445001741,
      0.7448745348170043,
      0.7441701935730702,
      0.7375575673322883,
      0.7329408311077868,
      0.7254827862177856,
      0.7196066297030982,
      0.7290888464872328,
      0.7378132266694986,
      0.7377900256834062,
      0.7471098541319442,
      0.7557367342485332,
      0.7453171927788648,
      0.7477836261481954,
      0.7483193748631458,
      0.7479144919901075,
      0.747995767000169,
      0.7484507443226337,
      0.7564674384093816,
      0.7564035138580848
    ],
    "lr": [
      0.01,
      0.01,
      0.01,
      0.01,
      0.01,
      0.01,
      0.01,
      0.01,
      0.01,
      0.01,
      0.01,
      0.01,
      0.01,
      0.01,
      0.01,
      0.01,
      0.01,
      0.01,
      0.01,
      0.01,
      0.01,
      0.01,
      0.005,
      0.005,
      0.005,
      0.005,
      0.005,
      0.005,
      0.005,
      0.005,
      0.005,
      0.005
    ]
  }
}